h-index,organization,type
347,google,Organization
314,microsoft,Organization
216,apache,Organization
206,fossasia,Organization
203,sindresorhus,User
142,googlearchive,Organization
137,mozilla,Organization
133,alibaba,Organization
132,spatie,Organization
132,codrops,Organization
125,facebook,Organization
124,Azure,Organization
119,facebookarchive,Organization
118,awslabs,Organization
112,facebookresearch,Organization
112,GoogleCloudPlatform,Organization
108,mapbox,Organization
108,aws-samples,Organization
108,keijiro,User
107,symfony,Organization
102,substack,User
102,llSourcell,User
101,udacity,Organization
96,tj,User
95,Netflix,Organization
93,github,Organization
92,square,Organization
88,adafruit,Organization
87,Tencent,Organization
87,openstack,Organization
86,mafintosh,User
85,uber,Organization
82,PacktPublishing,Organization
81,spring-projects,Organization
81,spotify,Organization
80,GoogleChromeLabs,Organization
80,Unity-Technologies,Organization
79,aws,Organization
79,thoughtbot,Organization
77,dotnet,Organization
76,linkedin,Organization
76,intel,Organization
75,elastic,Organization
75,tc39,Organization
74,tensorflow,Organization
74,twitter,Organization
74,jenkinsci,Organization
74,cloudflare,Organization
74,w3c,Organization
72,eclipse,Organization
72,nccgroup,Organization
71,JetBrains,Organization
71,Automattic,Organization
71,Shopify,Organization
71,egoist,User
70,atom,Organization
70,aspnet,Organization
70,IBM,Organization
70,heroku,Organization
70,bradtraversy,User
69,NVIDIA,Organization
69,mattn,User
68,airbnb,Organization
68,angular,Organization
68,hashicorp,Organization
68,maxogden,User
67,nodejs,Organization
67,ethereum,Organization
67,ropensci,Organization
66,vuejs,Organization
66,Esri,Organization
66,Azure-Samples,Organization
64,phodal,User
63,ionic-team,Organization
63,jxnblk,User
63,kentcdodds,User
62,rust-lang,Organization
62,JakeWharton,User
62,rstudio,Organization
61,tpope,User
61,florent37,User
60,docker,Organization
60,FormidableLabs,Organization
60,googleapis,Organization
60,dwyl,Organization
59,zeit,Organization
59,segmentio,Organization
59,mattdesl,User
58,auth0,Organization
58,ankane,User
57,nicklockwood,User
57,dropbox,Organization
57,thephpleague,Organization
57,r-lib,Organization
56,kelseyhightower,User
56,openai,Organization
56,react-native-community,Organization
56,feross,User
56,geerlingguy,User
55,apachecn,Organization
55,coreos,Organization
55,MicrosoftDocs,Organization
55,OpnTec,Organization
55,vim-scripts,User
54,wix,Organization
54,puppetlabs,Organization
54,fsprojects,Organization
54,aliyun,Organization
53,addyosmani,User
53,webpack-contrib,Organization
53,openresty,Organization
53,filamentgroup,Organization
52,apple,Organization
52,rails,Organization
52,koajs,Organization
52,expo,Organization
52,Yelp,Organization
52,algolia,Organization
52,KhronosGroup,Organization
52,ccoenraets,User
52,CyanogenMod,Organization
51,dart-lang,Organization
51,paypal,Organization
51,lukeed,User
50,kubernetes,Organization
50,OfficeDev,Organization
50,thunlp,Organization
50,developit,User
50,soffes,User
50,Wscats,User
50,react-component,Organization
49,npm,Organization
49,plotly,Organization
49,Yalantis,Organization
49,yahoo,Organization
49,clojure,Organization
49,deepmind,Organization
49,xamarin,Organization
49,stripe,Organization
49,nuxt-community,Organization
49,GNOME,Organization
49,dominictarr,User
49,WICG,Organization
48,ipfs,Organization
48,jamiebuilds,User
48,strongloop,Organization
48,firebase,Organization
48,zendframework,Organization
48,vmware,Organization
48,gajus,User
48,baidu,Organization
48,sparkfun,Organization
48,Apress,Organization
47,laravel,Organization
47,getsentry,Organization
47,rstacruz,User
47,bevacqua,User
47,rancher,Organization
47,nextcloud,Organization
47,nasa,Organization
47,basho,Organization
46,wesbos,User
46,oracle,Organization
46,creativetimofficial,Organization
46,mgechev,User
46,jonschlinkert,User
46,rhysd,User
46,WebReflection,User
46,KDE,Organization
46,maccman,User
46,ethz-asl,Organization
46,CodyHouse,Organization
46,OCA,Organization
45,d3,Organization
45,golang,Organization
45,hyperledger,Organization
45,kubernetes-sigs,Organization
45,mitsuhiko,User
45,Stratio,Organization
44,mongodb,Organization
44,OWASP,Organization
44,cloudwu,User
44,mono,Organization
44,creationix,User
44,RxSwiftCommunity,Organization
44,SAP,Organization
44,tencentyun,Organization
44,cloudfoundry,Organization
44,historicalsource,User
43,overtrue,User
43,insidegui,User
43,openshift,Organization
43,joyent,Organization
43,boostorg,Organization
43,salesforce,Organization
43,skeeto,User
43,18F,Organization
42,BurntSushi,User
42,zeromq,Organization
42,twitter-archive,Organization
42,IonicaBizau,User
42,pinterest,Organization
42,ConsenSys,Organization
42,mitchellh,User
42,facebookincubator,Organization
42,anvaka,User
42,YahooArchive,Organization
42,MicrosoftLearning,Organization
41,adobe,Organization
41,eggjs,Organization
41,fogleman,User
41,aosp-mirror,Organization
41,reactjs,Organization
41,allenai,Organization
41,googlecreativelab,Organization
41,ecomfe,Organization
41,spring-cloud,Organization
41,weavejester,User
41,grosser,User
41,zalando,Organization
41,thlorenz,User
41,EddyVerbruggen,User
41,bahmutov,User
41,DataDog,Organization
41,cornflourblue,User
41,hrbrmstr,User
40,johnpapa,User
40,mathiasbynens,User
40,google-research,Organization
40,palantir,Organization
40,gruntjs,Organization
40,naver,Organization
40,NVlabs,Organization
40,fex-team,Organization
40,jazzband,Organization
40,mikeal,User
40,onmyway133,User
40,sbt,Organization
40,mesosphere,Organization
40,terraform-providers,Organization
40,igrigorik,User
40,spring-guides,Organization
40,bitnami,Organization
40,Xilinx,Organization
40,dabit3,User
39,postcss,Organization
39,trailofbits,Organization
39,HubSpot,Organization
39,yiisoft,Organization
39,doctrine,Organization
39,BlackrockDigital,Organization
39,rabbitmq,Organization
39,tidwall,User
39,nytimes,Organization
39,etsy,Organization
39,docker-library,Organization
39,progrium,User
39,mattt,User
39,lyft,Organization
39,waylau,User
39,chef-cookbooks,Organization
39,indutny,User
39,madskristensen,User
39,in28minutes,User
39,cloudposse,Organization
39,jas502n,User
38,ElemeFE,Organization
38,antirez,User
38,jeromeetienne,User
38,Jam3,Organization
38,aio-libs,Organization
38,TooTallNate,User
38,StephenGrider,User
38,scotch-io,Organization
38,mdn,Organization
38,hadley,User
38,sensepost,Organization
38,jaredly,User
38,hughsk,User
38,humanmade,Organization
38,jamesmontemagno,User
38,juliangruber,User
38,PolymerElements,Organization
38,component,Organization
38,mikolalysenko,User
37,serverless,Organization
37,realpython,Organization
37,defunkt,User
37,bazelbuild,Organization
37,hapijs,Organization
37,apollographql,Organization
37,marmelab,Organization
37,jupyter,Organization
37,evilsocket,User
37,kartik-v,User
37,Kyubyong,User
37,Rocketseat,Organization
37,leancloud,Organization
37,ekmett,User
37,bbc,Organization
37,googlecodelabs,Organization
37,10up,Organization
37,forcedotcom,Organization
37,iamshaunjp,User
37,microsoftgraph,Organization
36,ReactiveX,Organization
36,jaywcjlove,User
36,android,Organization
36,ruanyf,User
36,PowerShell,Organization
36,jaredhanson,User
36,playframework,Organization
36,dgryski,User
36,googlesamples,Organization
36,jedisct1,User
36,miguelgrinberg,User
36,isaacs,User
36,chef,Organization
36,exercism,Organization
36,paritytech,Organization
36,kishikawakatsumi,User
36,gcanti,User
36,fireeye,Organization
36,eBay,Organization
36,mjhea0,User
36,titu1994,User
36,thelinuxchoice,User
36,watson-developer-cloud,Organization
36,qiniu,Organization
36,yoshuawuyts,User
36,codingforentrepreneurs,User
36,amazon-archives,Organization
36,voxpupuli,Organization
36,r7kamura,User
35,ant-design,Organization
35,NativeScript,Organization
35,sebastianbergmann,User
35,Kotlin,Organization
35,angular-ui,Organization
35,aurelia,Organization
35,netlify,Organization
35,digitalocean,Organization
35,iampawan,User
35,travis-ci,Organization
35,DevExpress,Organization
35,sdras,User
35,yandex,Organization
35,schollz,User
35,espressif,Organization
35,jpillora,User
35,nolanlawson,User
35,paulirish,User
35,devxoul,User
35,fnando,User
35,benedekrozemberczki,User
35,laracasts,User
35,haskell,Organization
35,FlexMonkey,User
35,LineageOS,Organization
35,linuxserver,Organization
35,pusher,Organization
35,couchbase,Organization
35,watson,User
35,alexellis,User
35,walmartlabs,Organization
35,benbalter,User
35,auth0-blog,Organization
35,Yubico,Organization
35,openstack-infra,Organization
35,tutsplus,Organization
34,shadowsocks,Organization
34,gothinkster,Organization
34,babel,Organization
34,minimaxir,User
34,Kong,Organization
34,GitbookIO,Organization
34,remy,User
34,rapid7,Organization
34,influxdata,Organization
34,basecamp,Organization
34,fastify,Organization
34,youzan,Organization
34,rsms,User
34,ValveSoftware,Organization
34,jessfraz,User
34,yeoman,Organization
34,AlloyTeam,Organization
34,Rich-Harris,User
34,jonathantneal,User
34,mcollina,User
34,piotrmurach,User
34,okfn,Organization
34,wikimedia,Organization
34,philipperemy,User
34,liuhuanyong,User
34,twilio,Organization
34,cookpad,Organization
34,dtolnay,User
34,pubnub,Organization
34,couchbaselabs,Organization
34,riscv,Organization
34,alphagov,Organization
34,sous-chefs,Organization
34,xuningjack,User
34,stackforge,Organization
33,jhipster,Organization
33,vadimdemedes,User
33,Ramotion,Organization
33,lemire,User
33,s0md3v,User
33,GetStream,Organization
33,nats-io,Organization
33,hongyangAndroid,User
33,technomancy,User
33,FasterXML,Organization
33,tholman,User
33,taki0112,User
33,SonarSource,Organization
33,JohnSundell,User
33,SpiderLabs,Organization
33,asciidoctor,Organization
33,box,Organization
33,libp2p,Organization
33,vimeo,Organization
33,lepture,User
33,awsdocs,Organization
33,gre,User
33,HenrikJoreteg,User
33,orta,User
33,CharlinFeng,User
33,chef-boneyard,Organization
33,mirage,Organization
33,azu,User
33,node-modules,Organization
33,skydoves,User
33,tenderlove,User
33,codeforamerica,Organization
33,pimoroni,Organization
32,electron,Organization
32,ansible,Organization
32,pytorch,Organization
32,dmlc,Organization
32,vapor,Organization
32,servo,Organization
32,wycats,User
32,WordPress,Organization
32,peachananr,User
32,amueller,User
32,carpedm20,User
32,guardian,Organization
32,vigetlabs,Organization
32,src-d,Organization
32,felixge,User
32,mozilla-services,Organization
32,confluentinc,Organization
32,sourcegraph,Organization
32,linuxmint,Organization
32,rs,User
32,alexa,Organization
32,kylemcdonald,User
32,artsy,Organization
32,line,Organization
32,SamVerschueren,User
32,taniarascia,User
32,zendesk,Organization
32,netguru,Organization
32,neo4j-contrib,Organization
32,kevva,User
32,disqus,Organization
32,splunk,Organization
32,feathersjs-ecosystem,Organization
32,appcoda,Organization
32,ropenscilabs,Organization
32,FriendsOfREDAXO,Organization
31,expressjs,Organization
31,discourse,Organization
31,jakevdp,User
31,bvaughn,User
31,rollup,Organization
31,hasura,Organization
31,GeekyAnts,Organization
31,fluent,Organization
31,scrapinghub,Organization
31,woocommerce,Organization
31,matthewmueller,User
31,Khan,Organization
31,guardianproject,Organization
31,amzn,Organization
31,libretro,Organization
31,i5ting,User
31,staltz,User
31,KnpLabs,Organization
31,douban,Organization
31,vert-x3,Organization
31,Comcast,Organization
31,ashfurrow,User
31,yihui,User
31,objcio,Organization
31,nette,Organization
31,oreillymedia,Organization
31,heapwolf,User
31,coinbase,Organization
31,RisingStack,Organization
31,braintree,Organization
31,Mybridge,Organization
31,PaulStoffregen,User
31,benawad,User
31,3gstudent,User
31,LaravelDaily,User
31,codepo8,User
30,freeCodeCamp,Organization
30,justjavac,User
30,prometheus,Organization
30,jondot,User
30,Polymer,Organization
30,onevcat,User
30,browserify,Organization
30,gaearon,User
30,krasimir,User
30,Miserlou,User
30,ryanb,User
30,Qihoo360,Organization
30,malcommac,User
30,purcell,User
30,matrix-org,Organization
30,jpush,Organization
30,krakenjs,Organization
30,cferdinandi,User
30,Karumi,Organization
30,appleboy,User
30,hustcc,User
30,cloudera,Organization
30,Pylons,Organization
30,arcticicestudio,User
30,lihaoyi,User
30,Raynos,User
30,intuit,Organization
30,soundcloud,Organization
30,mpociot,User
30,f,User
30,ARM-software,Organization
30,rxi,User
30,bojone,User
30,ryanflorence,User
30,particle-iot,Organization
30,janestreet,Organization
30,ForbesLindesay,User
30,myfreeweb,User
30,NordicSemiconductor,Organization
30,azer,User
30,mattatz,User
30,contentful,Organization
30,rackerlabs,Organization
30,linuxdeepin,Organization
30,pkrumins,User
30,Juniper,Organization
30,CiscoDevNet,Organization
30,magento-hackathon,Organization
29,getify,User
29,webpack,Organization
29,home-assistant,Organization
29,sveltejs,Organization
29,bilibili,Organization
29,pingcap,Organization
29,jaredpalmer,User
29,atlassian,Organization
29,parse-community,Organization
29,didi,Organization
29,textmate,Organization
29,scala,Organization
29,rasbt,User
29,NetEase,Organization
29,torch,Organization
29,magento,Organization
29,walkor,User
29,apiaryio,Organization
29,IBM-Swift,Organization
29,LeaVerou,User
29,dask,Organization
29,pytest-dev,Organization
29,smallnest,User
29,bitpay,Organization
29,input-output-hk,Organization
29,databricks,Organization
29,transitive-bullshit,User
29,leafo,User
29,bloomberg,Organization
29,Rightpoint,Organization
29,pinax,Organization
29,evanw,User
29,CartoDB,Organization
29,telerik,Organization
29,spite,User
29,illuminate,Organization
29,actions,Organization
29,andrewrk,User
29,indragiek,User
29,technoweenie,User
29,vaadin,Organization
29,andreypopp,User
29,garethr,User
29,dcramer,User
29,steveklabnik,User
29,Samsung,Organization
29,unity3d-jp,Organization
29,SaraVieira,User
29,alexcrichton,User
29,jonhoo,User
29,developmentseed,Organization
29,damienbod,User
29,vapor-community,Organization
29,prscX,User
29,cfpb,Organization
29,brentp,User
29,LLNL,Organization
29,IBM-Cloud,Organization
28,kamranahmedse,User
28,meteor,Organization
28,TryGhost,Organization
28,python,Organization
28,codepath,Organization
28,minio,Organization
28,GoogleChrome,Organization
28,ruby,Organization
28,realm,Organization
28,PaddlePaddle,Organization
28,neoclide,Organization
28,cakephp,Organization
28,skywind3000,User
28,owncloud,Organization
28,evernote,Organization
28,insin,User
28,Shougo,User
28,tidyverse,Organization
28,btford,User
28,typelevel,Organization
28,Akryum,User
28,iammert,User
28,voronianski,User
28,biezhi,User
28,seattlerb,Organization
28,ovh,Organization
28,Netflix-Skunkworks,Organization
28,davidfowl,User
28,dustin,User
28,googlefonts,Organization
28,mikeash,User
28,cowboy,User
28,schacon,User
28,Cisco-Talos,Organization
28,rust-embedded,Organization
28,softwaremill,Organization
28,groupon,Organization
28,Swizec,User
28,DanWahlin,User
28,hasherezade,User
28,clue,User
28,godaddy,Organization
28,GaloisInc,Organization
28,dry-rb,Organization
28,fukamachi,User
28,GameTechDev,Organization
28,openwisp,Organization
28,miyagawa,User
28,joshlong,User
28,SebLague,User
28,teambition,Organization
28,aws-quickstart,Organization
28,inaka,Organization
28,theKashey,User
28,LedgerHQ,Organization
28,blackberry,Organization
28,nystudio107,Organization
27,jquery,Organization
27,tonsky,User
27,drone,Organization
27,sharkdp,User
27,mattermost,Organization
27,matomo-org,Organization
27,infinitered,Organization
27,appium,Organization
27,arduino,Organization
27,liaohuqiu,User
27,paragonie,Organization
27,choojs,Organization
27,cncf,Organization
27,MindorksOpenSource,Organization
27,jupyterhub,Organization
27,ddollar,User
27,yangchong211,User
27,motemen,User
27,allegro,Organization
27,phonegap,Organization
27,gruntwork-io,Organization
27,simonw,User
27,instructure,Organization
27,tmcw,User
27,ARMmbed,Organization
27,DanMcInerney,User
27,mjackson,User
27,ztellman,User
27,antonioribeiro,User
27,ircmaxell,User
27,FSecureLABS,Organization
27,ericelliott,User
27,skorokithakis,User
27,fabric8io,Organization
27,theforeman,Organization
27,SharePoint,Organization
27,tumblr,Organization
27,rvagg,User
27,vladocar,User
27,erica,User
27,dev-sec,Organization
27,uzh-rpg,Organization
27,domenic,User
27,liip,Organization
27,c9s,User
27,hollance,User
27,yegor256,User
27,defunctzombie,User
27,agiliq,Organization
27,globocom,Organization
27,camptocamp,Organization
27,rdegges,User
27,cnlohr,User
27,lh3,User
27,Wildhoney,User
27,jennybc,User
27,skx,User
27,syohex,User
27,macmade,User
27,hoaproject,Organization
27,auth0-samples,Organization
27,SpikeKing,User
27,JuliaStats,Organization
27,Seeed-Studio,Organization
27,hassio-addons,Organization
27,wso2,Organization
27,g0v,Organization
27,softprops,User
27,stormpath,Organization
27,codeschool,Organization
26,typicode,User
26,hexojs,Organization
26,Homebrew,Organization
26,junegunn,User
26,RocketChat,Organization
26,nuxt,Organization
26,Marak,User
26,felixrieseberg,User
26,dracula,Organization
26,karma-runner,Organization
26,EOSIO,Organization
26,xmartlabs,Organization
26,WebAssembly,Organization
26,karpathy,User
26,jordansissel,User
26,easychen,User
26,ai,User
26,fengyuanchen,User
26,umijs,Organization
26,jprichardson,User
26,benoitc,User
26,ahmetb,User
26,hybridgroup,Organization
26,notwaldorf,User
26,mislav,User
26,noffle,User
26,edx,Organization
26,ColinEberhardt,User
26,hyperoslo,Organization
26,pili-engineering,Organization
26,badoo,Organization
26,willianjusten,User
26,alecthomas,User
26,Piasy,User
26,krakjoe,User
26,bufferapp,Organization
26,mojombo,User
26,jwiegley,User
26,beyondcode,Organization
26,stefanprodan,User
26,AllenDowney,User
26,yyx990803,User
26,SublimeText,Organization
26,roman01la,User
26,delight-im,Organization
26,Gabriel439,User
26,clayallsopp,User
26,bradfitz,User
26,jlongster,User
26,propublica,Organization
26,bodil,User
26,codahale,User
26,maxmind,Organization
26,marty-suzuki,User
26,steventroughtonsmith,User
26,gdbinit,User
26,dart-archive,Organization
26,ktsn,User
26,Kikobeats,User
26,banzaicloud,Organization
26,bignerdranch,Organization
26,ms-iot,Organization
26,nsacyber,Organization
26,twolfson,User
26,netyouli,User
26,wwwtyro,User
26,rsc,User
26,lukechilds,User
26,elementary,Organization
26,haya14busa,User
26,amatsuda,User
26,drnic,User
26,zodiacon,User
26,googleads,Organization
26,jshttp,Organization
26,nodeschool,Organization
26,broadinstitute,Organization
26,neonichu,User
26,javaee,Organization
26,CoderJackyHuang,User
26,enthought,Organization
26,usnistgov,Organization
26,twtrubiks,User
26,hecomi,User
26,openSUSE,Organization
26,47deg,Organization
26,tutumcloud,Organization
26,segment-boneyard,Organization
26,pagarme,Organization
26,auraphp,Organization
26,mhausenblas,User
26,ANSSI-FR,Organization
26,upyun,Organization
26,tokuhirom,User
26,norbusan,User
26,spree-contrib,Organization
26,datadesk,Organization
26,VamshiIITBHU14,User
26,AdamBien,User
26,NordicPlayground,Organization
26,eddelbuettel,User
26,amfoss,Organization
25,jekyll,Organization
25,karan,User
25,nestjs,Organization
25,balderdashy,Organization
25,kriasoft,Organization
25,JedWatson,User
25,futurice,Organization
25,fastai,Organization
25,CarGuo,User
25,signalapp,Organization
25,CocoaPods,Organization
25,getgrav,Organization
25,petehunt,User
25,hehonghui,User
25,nhn,Organization
25,open-android,User
25,mrmrs,User
25,vega,Organization
25,adonisjs,Organization
25,rakyll,User
25,solid,Organization
25,ceph,Organization
25,shekhargulati,User
25,keybase,Organization
25,purescript,Organization
25,toddmotto,User
25,XiaoMi,Organization
25,flyerhzm,User
25,davecheney,User
25,h2oai,Organization
25,FrontendMasters,Organization
25,wp-cli,Organization
25,siddharthkp,User
25,PistonDevelopers,Organization
25,nearform,Organization
25,wooorm,User
25,sapegin,User
25,Kitware,Organization
25,christianalfoni,User
25,patriciogonzalezvivo,User
25,campoy,User
25,slackapi,Organization
25,tylermcginnis,User
25,ahmadawais,User
25,MicrosoftEdge,Organization
25,arunoda,User
25,rnystrom,User
25,iotaledger,Organization
25,acidanthera,Organization
25,blockstack,Organization
25,sonata-project,Organization
25,rangle,Organization
25,sendgrid,Organization
25,SublimeLinter,Organization
25,WebDevStudios,Organization
25,newrelic,Organization
25,duckduckgo,Organization
25,GSA,Organization
25,ipfs-shipyard,Organization
25,Icinga,Organization
25,samdark,User
25,miguelmota,User
25,camunda,Organization
25,training-center,Organization
25,JuliaDiffEq,Organization
25,jcoglan,User
25,uhub,Organization
25,kana,User
25,sonyxperiadev,User
25,hypriot,Organization
25,GPUOpen-LibrariesAndSDKs,Organization
25,benjojo,User
25,inamiy,User
25,jackfranklin,User
25,mercari,Organization
25,unixpickle,User
25,mitchtabian,User
25,keith,User
25,silverstripe,Organization
25,mirror,Organization
25,CHEF-KOCH,User
25,makinacorpus,Organization
25,shiffman,User
25,cemolcay,User
25,eclipse-ee4j,Organization
25,ezsystems,Organization
25,BosNaufal,User
25,2amigos,Organization
25,spbooks,Organization
25,erikdubois,User
25,hackedteam,User
25,saltstack-formulas,Organization
25,twitterdev,Organization
25,UlordChain,Organization
25,didinj,User
24,mrdoob,User
24,pypa,Organization
24,jobbole,Organization
24,hemanth,User
24,processing,Organization
24,roots,Organization
24,electron-userland,Organization
24,tuupola,User
24,nst,User
24,divio,Organization
24,tokio-rs,Organization
24,rse,User
24,weaveworks,Organization
24,romannurik,User
24,krzysztofzablocki,User
24,snowplow,Organization
24,ameizi,User
24,lancopku,Organization
24,contra,User
24,evancz,User
24,WP-API,Organization
24,mscdex,User
24,imagemin,Organization
24,threepointone,User
24,azat-co,User
24,shu223,User
24,Ocramius,User
24,RailsApps,Organization
24,ember-cli,Organization
24,FirebaseExtended,Organization
24,jlord,User
24,hitherejoe,User
24,whatwg,Organization
24,rentzsch,User
24,Fody,Organization
24,wireapp,Organization
24,kiegroup,Organization
24,ocaml,Organization
24,huytd,User
24,DavyJonesLocker,Organization
24,cheeaun,User
24,Urigo,User
24,victorqribeiro,User
24,loiane,User
24,AdoptOpenJDK,Organization
24,KittenYang,User
24,nekocode,User
24,schmittjoh,User
24,hprose,Organization
24,logstash-plugins,Organization
24,rwieruch,User
24,ThoughtWorksInc,Organization
24,japaric,User
24,harvardnlp,Organization
24,Webschool-io,Organization
24,uber-research,Organization
24,sjl,User
24,shama,User
24,chrisdickinson,User
24,MaiaVictor,User
24,willdurand,User
24,FGRibreau,User
24,chrisdone,User
24,metosin,Organization
24,jed,User
24,bugsnag,Organization
24,fatiherikli,User
24,huacnlee,User
24,janlelis,User
24,infinum,Organization
24,iSECPartners,Organization
24,ttscoff,User
24,sonatype,Organization
24,tiaanduplessis,User
24,dialogflow,Organization
24,ocharles,User
24,pivotal-cf,Organization
24,AtomLinter,Organization
24,zygmuntz,User
24,alphapapa,User
24,robrix,User
24,smealum,User
24,AOEpeople,Organization
24,Brackeys,Organization
24,ros-industrial,Organization
24,sethvargo,User
24,ireade,User
24,VahidN,User
24,ctuning,Organization
24,fpco,Organization
24,aaronpk,User
24,mizchi,User
24,codecov,Organization
24,oktadeveloper,Organization
24,sunlightlabs,Organization
24,Magisk-Modules-Repo,Organization
24,yii2tech,Organization
24,benbahrenburg,User
24,Tony607,User
24,planetoftheweb,User
23,h5bp,Organization
23,zenorocha,User
23,styled-components,Organization
23,alex,User
23,dylanaraps,User
23,mobxjs,Organization
23,cypress-io,Organization
23,dcloudio,Organization
23,ianstormtaylor,User
23,explosion,Organization
23,JacksonTian,User
23,swoole,Organization
23,visionmedia,Organization
23,chai2010,User
23,matryer,User
23,saltstack,Organization
23,antvis,Organization
23,apex,Organization
23,muaz-khan,User
23,datproject,Organization
23,steipete,User
23,docopt,Organization
23,aphyr,User
23,bingoogolapple,User
23,paulmillr,User
23,Sylius,Organization
23,cisco,Organization
23,commonsguy,User
23,NixOS,Organization
23,jenssegers,User
23,itchyny,User
23,nisrulz,User
23,jeremyevans,User
23,neuecc,User
23,MycroftAI,Organization
23,ncase,User
23,webcomponents,Organization
23,cesarferreira,User
23,uber-archive,Organization
23,HearthSim,Organization
23,jakearchibald,User
23,blakeembrey,User
23,asweigart,User
23,serilog,Organization
23,dwqs,User
23,KyleAMathews,User
23,jinfagang,User
23,lelandrichardson,User
23,status-im,Organization
23,urish,User
23,zkat,User
23,genuinetools,Organization
23,collectiveidea,Organization
23,johnpolacek,User
23,amphp,Organization
23,appcelerator,Organization
23,wx-chevalier,User
23,postmodern,User
23,LearnBoost,Organization
23,beeware,Organization
23,dollarshaveclub,Organization
23,the-road-to-learn-react,Organization
23,rfyiamcool,User
23,craftcms,Organization
23,buckyroberts,User
23,novoda,Organization
23,deanishe,User
23,tobegit3hub,User
23,benbjohnson,User
23,mixu,User
23,borismus,User
23,dodola,User
23,ericclemmons,User
23,kadirahq,Organization
23,gocardless,Organization
23,djyde,User
23,NVIDIA-AI-IOT,Organization
23,soveran,User
23,percona,Organization
23,thi-ng,Organization
23,ros,Organization
23,whitequark,User
23,vinceliuice,User
23,leahneukirchen,User
23,zzarcon,User
23,engineyard,Organization
23,NetSPI,Organization
23,fluttercommunity,Organization
23,fitzgen,User
23,qt,Organization
23,eugeneware,User
23,RickStrahl,User
23,funcool,Organization
23,yongjhih,User
23,zalando-incubator,Organization
23,calvinmetcalf,User
23,mattetti,User
23,ethereumjs,Organization
23,aragon,Organization
23,inconvergent,User
23,snipcart,Organization
23,androidthings,Organization
23,meh,User
23,josegonzalez,User
23,opentracing-contrib,Organization
23,foursquare,Organization
23,tonyg,User
23,ngageoint,Organization
23,appcelerator-archive,Organization
23,jamesward,User
23,kristianmandrup,User
23,r-lyeh-archived,User
23,spring-cloud-samples,Organization
23,HewlettPackard,Organization
23,kbroman,User
23,Mindinventory,Organization
23,xwp,Organization
23,TinkoffCreditSystems,Organization
23,siuying,User
23,fiatjaf,User
23,SAP-samples,Organization
23,genekogan,User
23,rongcloud,Organization
23,TwilioDevEd,Organization
23,words,Organization
23,aaronksaunders,User
22,flutter,Organization
22,necolas,User
22,grafana,Organization
22,gulpjs,Organization
22,ripienaar,User
22,pixijs,Organization
22,videojs,Organization
22,rethinkdb,Organization
22,FiloSottile,User
22,emberjs,Organization
22,railsware,Organization
22,jgm,User
22,balena-io,Organization
22,desandro,User
22,fbsamples,Organization
22,PerfectlySoft,Organization
22,quasarframework,Organization
22,mxcl,User
22,redox-os,Organization
22,learn-anything,Organization
22,fatih,User
22,DIYgod,User
22,antonmedv,User
22,jupyterlab,Organization
22,tiangolo,User
22,coleifer,User
22,brunch,Organization
22,koush,User
22,mailgun,Organization
22,johnno1962,User
22,sameersbn,User
22,venmo,Organization
22,IdentityServer,Organization
22,chromium,Organization
22,emqx,Organization
22,RubyLouvre,User
22,samyk,User
22,jnunemaker,User
22,trustedsec,Organization
22,offensive-security,User
22,termux,Organization
22,hanks-zyh,User
22,amethyst,Organization
22,jitsi,Organization
22,rougier,User
22,sofish,User
22,bizz84,User
22,sofastack,Organization
22,openhab,Organization
22,gsuitedevs,Organization
22,HaxeFoundation,Organization
22,unicodeveloper,User
22,swannodette,User
22,snipsco,Organization
22,shaojiankui,User
22,joshwcomeau,User
22,rustwasm,Organization
22,h2non,User
22,iron-io,Organization
22,sdiehl,User
22,bitwalker,User
22,stackgl,Organization
22,jiang111,User
22,schneems,User
22,tarantool,Organization
22,gilbitron,User
22,summerblue,User
22,mourner,User
22,fregante,User
22,timoxley,User
22,electrode-io,Organization
22,mob-sakai,User
22,ZhaoKaiQiang,User
22,pfalcon,User
22,btholt,User
22,liferay,Organization
22,leixiaohua1020,User
22,akosma,User
22,dblock,User
22,discordapp,Organization
22,Medium,Organization
22,tangrams,Organization
22,socketry,Organization
22,jenly1314,User
22,tightenco,Organization
22,NREL,Organization
22,abo-abo,User
22,thomasp85,User
22,oakes,User
22,cznic,User
22,jsuarezruiz,User
22,flipkart-incubator,Organization
22,wizardforcel,User
22,posva,User
22,mubix,User
22,dfinke,User
22,fgrehm,User
22,lensesio,Organization
22,kikito,User
22,tweag,Organization
22,yulingtianxia,User
22,dchest,User
22,petewarden,User
22,ferd,User
22,callicoder,User
22,igorw,User
22,mohayonao,User
22,tidymodels,Organization
22,Gozala,User
22,planttheidea,User
22,tessel,Organization
22,juxt,Organization
22,binaryage,Organization
22,emersion,User
22,peterbe,User
22,actions-on-google,Organization
22,chenjiandongx,User
22,bcoe,User
22,brentvatne,User
22,tandasat,User
22,yogthos,User
22,trishume,User
22,Code-Bullet,User
22,adamwathan,User
22,justintadlock,User
22,jimweirich,User
22,seomoz,Organization
22,sandeepmistry,User
22,pop-os,Organization
22,ioBroker,Organization
22,Autodesk,Organization
22,adjust,Organization
22,multiformats,Organization
22,jrainlau,User
22,jamesgolick,User
22,ContinuumIO,Organization
22,CakeDC,Organization
22,fengzhizi715,User
22,macacajs,Organization
22,rm-hull,User
22,paf31,User
22,dai-shi,User
22,michaelklishin,User
22,OrleansContrib,Organization
22,mdlayher,User
22,troglobit,User
22,Scrawk,User
22,PolymerLabs,Organization
22,typesafehub,Organization
22,oslabs-beta,Organization
22,CircleCI-Public,Organization
22,svn2github,User
22,cloudfoundry-incubator,Organization
22,alexruperez,User
22,okta,Organization
22,thomasloven,User
22,solderjs,User
22,pantheon-systems,Organization
22,Alfresco,Organization
22,cosmicjs,Organization
22,arduino-libraries,Organization
22,osmlab,Organization
22,jtauber,User
22,opentok,Organization
22,raspberrypilearning,Organization
22,pear,Organization
22,cloudfoundry-community,Organization
22,SensorsIot,User
22,xerpi,User
22,dbuenzli,User
22,AshV,User
21,prettier,Organization
21,nylas,Organization
21,Meituan-Dianping,Organization
21,chenglou,User
21,acdlite,User
21,poteto,User
21,nswbmw,User
21,cocos2d,Organization
21,froala,Organization
21,getlantern,Organization
21,radareorg,Organization
21,VerbalExpressions,Organization
21,jessesquires,User
21,PatrickJS,User
21,streamich,User
21,thx,Organization
21,phalcon,Organization
21,metafizzy,Organization
21,dutchcoders,Organization
21,uber-go,Organization
21,ChenYilong,User
21,soumith,User
21,GcsSloop,User
21,romaonthego,User
21,lexrus,User
21,cytoscape,Organization
21,rauchg,User
21,kennethreitz,User
21,jakiestfu,User
21,casbin,Organization
21,mgcrea,User
21,oh-my-fish,Organization
21,holman,User
21,probot,Organization
21,OpenFlutter,Organization
21,KrauseFx,User
21,amusi,User
21,lightbend,Organization
21,i18next,Organization
21,stoeffel,User
21,markdalgleish,User
21,phoboslab,User
21,michaelliao,User
21,muesli,User
21,kitze,User
21,stephenmcd,User
21,containers,Organization
21,emmetio,Organization
21,IAIK,Organization
21,Level,Organization
21,bramstein,User
21,wechat-miniprogram,Organization
21,duo-labs,Organization
21,byt3bl33d3r,User
21,antimatter15,User
21,not-kennethreitz,Organization
21,jpadilla,User
21,twostraws,User
21,icepy,User
21,sw-yx,User
21,devongovett,User
21,lizhangqu,User
21,MISP,Organization
21,Cleveroad,Organization
21,edavis10,User
21,gluster,Organization
21,stellar,Organization
21,EverythingMe,Organization
21,o2team,Organization
21,bytedance,Organization
21,nitin42,User
21,HugoGiraudel,User
21,Neo23x0,User
21,jaspervdj,User
21,cloudhead,User
21,muan,User
21,lincolnloop,Organization
21,beberlei,User
21,OpenHFT,Organization
21,ole,User
21,leapmotion,Organization
21,Bogdanp,User
21,raphamorim,User
21,londonappbrewery,Organization
21,tailhook,User
21,zurb,Organization
21,tmm1,User
21,cldwalker,User
21,varnish,Organization
21,zzzprojects,Organization
21,ONLYOFFICE,Organization
21,dojo,Organization
21,xolox,User
21,AliyunContainerService,Organization
21,msurguy,User
21,unitedstates,Organization
21,GoogleWebComponents,Organization
21,fluttercandies,Organization
21,gree,Organization
21,gjtorikian,User
21,silentbicycle,User
21,passy,User
21,begriffs,User
21,JuliaOpt,Organization
21,jolicode,Organization
21,aviaryan,User
21,amplab,Organization
21,afonsopacifer,User
21,tcnksm,User
21,Python3WebSpider,Organization
21,kakao,Organization
21,bos,User
21,palkan,User
21,nschloe,User
21,k0kubun,User
21,Doist,Organization
21,cozy,Organization
21,kazuho,User
21,puffnfresh,User
21,pfnet-research,Organization
21,giantswarm,Organization
21,Mr-Un1k0d3r,User
21,kr,User
21,hardmaru,User
21,snoyberg,User
21,dockerfile,Organization
21,pivotal-legacy,Organization
21,ionelmc,User
21,klen,User
21,zacharyvoase,User
21,meteorhacks,Organization
21,zero-to-mastery,Organization
21,blockchain,Organization
21,DockYard,Organization
21,Cr4sh,User
21,rpetrich,User
21,mrkkrp,User
21,arvindr21,User
21,jserv,User
21,vesln,User
21,EvanBacon,User
21,jamesknelson,User
21,postgrespro,Organization
21,Wilfred,User
21,apicloudcom,Organization
21,nakajima,User
21,purescript-contrib,Organization
21,yasirkula,User
21,klarna,Organization
21,PaloAltoNetworks,Organization
21,scripting,User
21,heremaps,Organization
21,entria,Organization
21,cretz,User
21,imatge-upc,Organization
21,searls,User
21,clojurewerkz,Organization
21,vincentbernat,User
21,swcarpentry,Organization
21,Commit451,Organization
21,shanselman,User
21,mike-north,User
21,mkearney,User
21,testdrivenio,Organization
21,gmr,User
21,hortonworks,Organization
21,intercom,Organization
21,quarkslab,Organization
21,jamf,Organization
21,JuliaMath,Organization
21,ahoward,User
21,myriadrf,Organization
21,mazipan,User
21,mate-desktop,Organization
21,angular-university,Organization
21,hammerlab,Organization
21,libyal,Organization
21,dsccommunity,Organization
21,Clever,Organization
21,pololu,Organization
21,app-generator,User
21,zalando-stups,Organization
21,joker1007,User
21,flutter-devs,Organization
21,timelyportfolio,User
21,shokai,User
21,plone,Organization
21,monterail,Organization
21,decentraland,Organization
21,laravel-admin-extensions,Organization
21,ZewoGraveyard,Organization
20,storybookjs,Organization
20,astaxie,User
20,photonstorm,User
20,php,Organization
20,kenwheeler,User
20,nvie,User
20,SheetJS,Organization
20,dokku,Organization
20,hankcs,User
20,afollestad,User
20,rwaldron,User
20,mybatis,Organization
20,requirejs,Organization
20,openzipkin,Organization
20,capistrano,Organization
20,vue-bulma,Organization
20,arangodb,Organization
20,brendangregg,User
20,nim-lang,Organization
20,kubeflow,Organization
20,brianc,User
20,phusion,Organization
20,braziljs,Organization
20,mdo,User
20,top-think,Organization
20,tmux-plugins,Organization
20,spinnaker,Organization
20,DivanteLtd,Organization
20,terkelg,User
20,Cocoanetics,Organization
20,elm,Organization
20,wsdjeg,User
20,MoOx,User
20,AnalyticalGraphicsInc,Organization
20,yandexdataschool,Organization
20,beakerbrowser,Organization
20,cucumber,Organization
20,processone,Organization
20,a8m,User
20,zhanghai,User
20,jvns,User
20,CodingTrain,Organization
20,vczero,User
20,angr,Organization
20,JeffreyWay,User
20,dariusk,User
20,MetaMask,Organization
20,TimOliver,User
20,enormego,Organization
20,bpmn-io,Organization
20,PX4,Organization
20,stfalcon-studio,Organization
20,hussien89aa,User
20,cirosantilli,User
20,PaulSec,User
20,eleme,Organization
20,andywer,User
20,jprante,User
20,splitbrain,User
20,cytopia,User
20,samccone,User
20,munificent,User
20,guo-yu,User
20,pazguille,User
20,githubwing,User
20,praeclarum,User
20,rapidsai,Organization
20,caiogondim,User
20,revolunet,User
20,android-cjj,User
20,astropy,Organization
20,tryolabs,Organization
20,pwittchen,User
20,openstreetmap,Organization
20,HKUST-Aerial-Robotics,Organization
20,sidorares,User
20,ddevault,User
20,internetarchive,Organization
20,TeamHG-Memex,Organization
20,willfarrell,User
20,remirobert,User
20,thymeleaf,Organization
20,HazyResearch,Organization
20,thecodingmachine,Organization
20,xuexiangjys,User
20,jpsim,User
20,facelessuser,User
20,xiph,Organization
20,xyproto,User
20,ElementsProject,Organization
20,evgenyneu,User
20,lambdalisue,User
20,allure-framework,Organization
20,crazy-max,User
20,cyanzhong,User
20,CyberZHG,User
20,mandatoryprogrammer,User
20,ros2,Organization
20,glslify,Organization
20,younatics,User
20,cloudfoundry-attic,Organization
20,Lemoncode,Organization
20,RehabMan,User
20,LuaDist,Organization
20,fabiospampinato,User
20,fonnesbeck,User
20,bmizerany,User
20,ermongroup,Organization
20,hobbyquaker,User
20,gentoo,Organization
20,Quramy,User
20,circleci,Organization
20,fashiontec,Organization
20,jacobian,User
20,NewLifeX,Organization
20,dfm,User
20,crcn,User
20,brandon-rhodes,User
20,SteamDatabase,Organization
20,tommcfarlin,User
20,Shashank02051997,User
20,ben-eb,User
20,0x90,User
20,alpacahq,Organization
20,target,Organization
20,ModusCreateOrg,Organization
20,tolitius,User
20,Cue,Organization
20,sausheong,User
20,niftylettuce,User
20,ndmitchell,User
20,azavea,Organization
20,dalong982242260,User
20,primaryobjects,User
20,IjzerenHein,User
20,perusio,User
20,treasure-data,Organization
20,peterbourgon,User
20,datacamp,Organization
20,vysecurity,User
20,TakeoffAndroid,User
20,efficient,Organization
20,lizelu,User
20,datamapper,Organization
20,Malabarba,User
20,AzureAD,Organization
20,Flight-School,Organization
20,nodejitsu,Organization
20,poanetwork,Organization
20,randy3k,User
20,jugyo,User
20,yui540,User
20,sonnylazuardi,User
20,StylingAndroid,User
20,Germey,User
20,mikeckennedy,User
20,thinca,User
20,colinta,User
20,r-spatial,Organization
20,zapier,Organization
20,justeat,Organization
20,agilie,Organization
20,datasets,Organization
20,mirego,Organization
20,caelum,Organization
20,Unidata,Organization
20,ericflo,User
20,nowsecure,Organization
20,relevance,Organization
20,bmob,Organization
20,loomnetwork,Organization
20,sunng87,User
20,albertz,User
20,hansemannn,User
20,cho45,User
20,asottile,User
20,scottcorgan,User
20,bahamas10,User
20,buildkite,Organization
20,jchris,User
20,apigee,Organization
20,springframeworkguru,User
20,OHDSI,Organization
20,Sitecore,Organization
20,ucb-bar,Organization
20,dtinth,User
20,acquia,Organization
20,dbankier,User
20,tsingsee,Organization
20,envato,Organization
20,remobile,Organization
20,lukechampine,User
20,velopert,User
20,PacificBiosciences,Organization
20,laravel-notification-channels,Organization
20,neo4j-examples,Organization
20,Kunstmaan,Organization
20,noopkat,User
20,operasoftware,Organization
20,larsks,User
20,akira-cn,User
20,ros-drivers,Organization
20,zverok,User
20,XadillaX,User
20,winkerVSbecks,User
20,pakoito,User
20,makerdao,Organization
20,making,User
20,jetsonhacks,User
20,intel-iot-devkit,Organization
20,hubot-scripts,Organization
20,redhat-cop,Organization
20,christiannwamba,User
20,NCAR,Organization
20,Autodesk-Forge,Organization
20,AlexGyver,User
20,rajayogan,User
20,devkitPro,Organization
20,hallard,User
20,yii2mod,Organization
20,basho-labs,Organization
20,scorelab,Organization
20,kennethreitz-archive,Organization
20,sonots,User
20,bq,Organization
20,TechPrimers,Organization
20,justinwoo,User
20,linuxacademy,Organization
20,Minlison,User
20,computacionnube,Organization
19,twbs,Organization
19,hakimel,User
19,AFNetworking,Organization
19,fouber,User
19,unknwon,User
19,ctripcorp,Organization
19,NationalSecurityAgency,Organization
19,react-navigation,Organization
19,jorgebucaran,User
19,prisma,Organization
19,framework7io,Organization
19,kriskowal,User
19,joewalnes,User
19,dennybritz,User
19,commaai,Organization
19,frappe,Organization
19,akka,Organization
19,dwmkerr,User
19,xbmc,Organization
19,cyclejs,Organization
19,tachyons-css,Organization
19,postmanlabs,Organization
19,brave,Organization
19,mdbootstrap,Organization
19,MyCATApache,Organization
19,kickstarter,Organization
19,sloria,User
19,cats-oss,Organization
19,ideawu,User
19,raspberrypi,Organization
19,vitalets,User
19,pydanny,User
19,kripken,User
19,jgamblin,User
19,hilongjw,User
19,avast,Organization
19,una,User
19,msgpack,Organization
19,nsf,User
19,ServiceStack,Organization
19,concourse,Organization
19,PrestaShop,Organization
19,blei-lab,Organization
19,jspahrsummers,User
19,llvm-mirror,Organization
19,robotframework,Organization
19,mgp25,User
19,PyCQA,Organization
19,swimlane,Organization
19,suitcss,Organization
19,jpetazzo,User
19,emre,User
19,hazelcast,Organization
19,parro-it,User
19,dotnetcore,Organization
19,tendermint,Organization
19,franciscop,User
19,baskerville,User
19,codemix,Organization
19,clibs,Organization
19,willowtreeapps,Organization
19,leizongmin,User
19,honza,User
19,tsuru,Organization
19,sheerun,User
19,siddontang,User
19,kootenpv,User
19,quirkey,User
19,googlemaps,Organization
19,AdguardTeam,Organization
19,coala,Organization
19,ssbc,Organization
19,mathieudutour,User
19,remarkjs,Organization
19,yourtion,User
19,justmarkham,User
19,geohot,User
19,hfiref0x,User
19,MediaBrowser,Organization
19,k8gege,User
19,mlabouardy,User
19,mozillazg,User
19,microg,Organization
19,hundredrabbits,Organization
19,fastlane-old,Organization
19,Cocos-BCX,Organization
19,nginxinc,Organization
19,dcos,Organization
19,1000ch,User
19,LLK,Organization
19,yanhaijing,User
19,hatena,Organization
19,zemirco,User
19,tum-vision,Organization
19,alash3al,User
19,millermedeiros,User
19,johno,User
19,utilForever,User
19,wzpan,User
19,moul,User
19,ishkawa,User
19,magnars,User
19,datastax,Organization
19,DroidsOnRoids,Organization
19,shaunlebron,User
19,Pomax,User
19,hannob,User
19,killme2008,User
19,andris9,User
19,mathisonian,User
19,rocky,User
19,fent,User
19,cgrand,User
19,lunixbochs,User
19,ebidel,User
19,sanity-io,Organization
19,CenturyLinkLabs,Organization
19,linglongxin24,User
19,nprapps,Organization
19,bokuweb,User
19,MTG,Organization
19,ParkSangGwon,User
19,krisajenkins,User
19,maierfelix,User
19,charliesome,User
19,LinusU,User
19,Cn33liz,User
19,saschagrunert,User
19,svhawks,Organization
19,Nike-Inc,Organization
19,KDAB,Organization
19,szagoruyko,User
19,armon,User
19,mbostock,User
19,NSHipster,Organization
19,react-native-training,Organization
19,springload,Organization
19,bamlab,Organization
19,AndrewRadev,User
19,redhat-developer,Organization
19,medikoo,User
19,avdi,User
19,CityOfZion,Organization
19,QuantEcon,Organization
19,cfjedimaster,User
19,davglass,User
19,fraserxu,User
19,o19s,Organization
19,mysterioustrousers,Organization
19,twotoasters,Organization
19,marianoguerra,User
19,maidsafe,Organization
19,lxqt,Organization
19,cwilso,User
19,shurcooL,Organization
19,wakatime,Organization
19,dreamRs,Organization
19,AmpersandJS,Organization
19,kgn,User
19,mithi,User
19,toastdriven,User
19,eschulte,User
19,eldarion,Organization
19,manateelazycat,User
19,vintasoftware,Organization
19,Xeoncross,User
19,tableau,Organization
19,yields,User
19,charliegerard,User
19,cutting-room-floor,Organization
19,coin-or,Organization
19,endgameinc,Organization
19,deliciousbrains,Organization
19,thomasnield,User
19,nijikokun,User
19,docker-archive,Organization
19,newsdev,Organization
19,lucidworks,Organization
19,RustAudio,Organization
19,stevedonovan,User
19,jfrog,Organization
19,jgallen23,User
19,nyu-dl,Organization
19,rauschma,User
19,emacsorphanage,Organization
19,ChrisPenner,User
19,boundary,Organization
19,prideout,User
19,arun-gupta,User
19,digiaonline,Organization
19,lionheart,Organization
19,Erkaman,User
19,cyberark,Organization
19,jm,User
19,easemob,Organization
19,Lab41,Organization
19,rkh,User
19,EvotecIT,Organization
19,tihmstar,User
19,aloisdeniel,User
19,PaulKinlan,User
19,lukeredpath,User
19,prooph,Organization
19,agoragames,Organization
19,UltimateAngular,Organization
19,headius,User
19,WinVector,Organization
19,appsecco,Organization
19,rstudio-education,Organization
19,urbanairship,Organization
19,fourbrother,User
19,Data4Democracy,Organization
19,mongodb-labs,Organization
19,kylef-archive,Organization
19,nurkiewicz,User
19,crowdfavorite,Organization
19,zk-phi,User
19,cloudinary,Organization
19,frictionlessdata,Organization
19,txus,User
19,platzi,Organization
19,eeue56,User
19,bevry-archive,Organization
19,custom-cards,Organization
19,statamic,Organization
19,hasinhayder,User
19,WangYihang,User
19,bem,Organization
19,henrik,User
19,MangoTheCat,Organization
19,idlesign,User
19,arquillian,Organization
19,LambdaSchool,Organization
19,wix-incubator,Organization
19,chen0040,User
19,mcandre,User
19,stuttter,Organization
19,trinker,User
19,tcr,User
19,nix-community,Organization
19,yellows8,User
19,sibelius,User
19,CrossGeeks,Organization
19,freshplanet,Organization
19,suissa,User
19,MatrixAINetwork,Organization
19,maximbilan,User
19,mixer,Organization
19,josephwilk,User
19,sassoftware,Organization
19,noppefoxwolf,User
19,gilt,Organization
19,pusher-community,Organization
19,mixandjam,User
19,bitlabstudio,Organization
19,vfarcic,User
19,STMicroelectronics,Organization
19,pigworker,User
19,epam,Organization
19,Adobe-Marketing-Cloud,Organization
19,fedora-infra,Organization
19,mandubian,User
19,getweapp,User
19,mojohaus,Organization
19,sclorg,Organization
19,simonmonk,User
19,criteo,Organization
19,ColinFay,User
19,tensor-programming,User
19,Amine-Smahi,User
19,icns-distributed-cloud,Organization
18,socketio,Organization
18,ziishaned,User
18,foundation,Organization
18,godotengine,Organization
18,Blankj,User
18,JuliaLang,Organization
18,grpc,Organization
18,NervJS,Organization
18,standard,Organization
18,huggingface,Organization
18,webtorrent,Organization
18,sorrycc,User
18,swagger-api,Organization
18,openfaas,Organization
18,libgdx,Organization
18,madrobby,User
18,ampproject,Organization
18,nikic,User
18,StackExchange,Organization
18,valyala,User
18,gorilla,Organization
18,chentsulin,User
18,kivy,Organization
18,testing-library,Organization
18,barryvdh,User
18,mhinz,User
18,gradle,Organization
18,coryhouse,User
18,nathanmarz,User
18,chjj,User
18,basarat,User
18,aui,User
18,trufflesuite,Organization
18,codecentric,Organization
18,OpenZeppelin,Organization
18,fantasyland,Organization
18,MorvanZhou,User
18,lewagon,Organization
18,sbstjn,User
18,stephencelis,User
18,henrylee2cn,User
18,deis,Organization
18,numenta,Organization
18,aheckmann,User
18,grommet,Organization
18,huangz1990,User
18,xcatliu,User
18,gregberge,User
18,smuyyh,User
18,graphql-python,Organization
18,zserge,User
18,gobuffalo,Organization
18,rtfeldman,User
18,Graylog2,Organization
18,veltman,User
18,callstack,Organization
18,ckeditor,Organization
18,rubygems,Organization
18,MiCode,Organization
18,mbleigh,User
18,Financial-Times,Organization
18,bfirsh,User
18,unconed,User
18,wbond,User
18,mcxiaoke,User
18,AliSoftware,User
18,nodeca,Organization
18,xiaolai,User
18,automl,Organization
18,dspinellis,User
18,totaljs,User
18,mmcgrana,User
18,octokit,Organization
18,bitcoinjs,Organization
18,vinkla,User
18,ardalis,User
18,floydhub,Organization
18,tildeio,Organization
18,svenfuchs,User
18,jruby,Organization
18,esamattis,User
18,alexjlockwood,User
18,fastred,User
18,stereobooster,User
18,kornelski,User
18,tianon,User
18,danielstjules,User
18,carrot,Organization
18,dominikh,User
18,defuse,User
18,saulmm,User
18,clojure-emacs,Organization
18,ded,User
18,wordpress-mobile,Organization
18,Qiskit,Organization
18,nanchen2251,User
18,ariok,User
18,unbit,User
18,jingweno,User
18,steeve,User
18,SUSE,Organization
18,carbon-design-system,Organization
18,markbates,User
18,Ridter,User
18,diegohaz,User
18,tree-sitter,Organization
18,dunglas,User
18,cvxgrp,Organization
18,rgrove,User
18,zce,User
18,posthtml,Organization
18,jsdf,User
18,stitchfix,Organization
18,LukeSmithxyz,User
18,fython,User
18,locuslab,Organization
18,macournoyer,User
18,adad184,User
18,ianmiell,User
18,catalinmiron,User
18,joelparkerhenderson,User
18,bnoordhuis,User
18,muukii,User
18,redbooth,Organization
18,simplabs,Organization
18,armcha,User
18,rtomayko,User
18,Ovilia,User
18,stan-dev,Organization
18,pac4j,Organization
18,airingursb,User
18,Lucifier129,User
18,hashrocket,Organization
18,maryrosecook,User
18,sfackler,User
18,php-enqueue,Organization
18,yacy,Organization
18,Q42,Organization
18,rubenv,User
18,lopspower,User
18,outmoded,Organization
18,yuanyan,User
18,radar,User
18,karlseguin,User
18,cocos-creator,Organization
18,ContainerSolutions,Organization
18,pires,User
18,mitre,Organization
18,aldeed,User
18,caarlos0,User
18,nerves-project,Organization
18,rust-lang-nursery,Organization
18,t9md,User
18,greggman,User
18,2881099,User
18,mdipierro,User
18,mingrammer,User
18,rinvex,Organization
18,3rd-Eden,User
18,trivago,Organization
18,mcuadros,User
18,chiuki,User
18,ehazlett,User
18,atduskgreg,User
18,debops,Organization
18,trapd00r,User
18,testdouble,Organization
18,mengxianliang,User
18,crosbymichael,User
18,barretlee,User
18,SciSharp,Organization
18,datamade,Organization
18,UKPLab,Organization
18,yahoojapan,Organization
18,saghul,User
18,ElevenPaths,Organization
18,terraform-aws-modules,Organization
18,VeliovGroup,Organization
18,jVirus,User
18,osirislab,Organization
18,prime31,User
18,k1LoW,User
18,danhper,User
18,SimonWaldherr,User
18,CIRCL,Organization
18,cerner,Organization
18,scijs,Organization
18,elm-community,Organization
18,bmuschko,User
18,yihui-he,User
18,capitalone,Organization
18,ros-planning,Organization
18,njh,User
18,holochain,Organization
18,edsu,User
18,akarnokd,User
18,jordwalke,User
18,bueltge,User
18,floatdrop,User
18,QubitProducts,Organization
18,technosophos,User
18,Carson-Ho,User
18,nfroidure,User
18,outbrain,Organization
18,eddyerburgh,User
18,mmckegg,User
18,dgrtwo,User
18,rwjblue,User
18,PagerDuty,Organization
18,symfony-cmf,Organization
18,sifive,Organization
18,rubyworks,Organization
18,ConradIrwin,User
18,gigasquid,User
18,gnosis,Organization
18,derickbailey,User
18,jamis,User
18,chrisbra,User
18,uwdata,Organization
18,sibtc,Organization
18,philsturgeon,User
18,ZJULearning,Organization
18,tmpvar,User
18,jimhester,User
18,hantsy,User
18,borkdude,User
18,M6Web,Organization
18,MicroPyramid,Organization
18,xxczaki,User
18,jfromaniello,User
18,derhuerst,User
18,dennyzhang,User
18,stefansundin,User
18,yosuke-furukawa,User
18,ziyasal,User
18,tyranid,User
18,linux-china,User
18,bitcraze,Organization
18,adamwiggins,User
18,pfrazee,User
18,stevestreza,User
18,scaleway,Organization
18,dji-sdk,Organization
18,dssg,Organization
18,netxfly,User
18,Zws-China,User
18,memo,User
18,slashdotdash,User
18,audiojs,Organization
18,axetroy,User
18,xesscorp,User
18,infusion,User
18,mthbernardes,User
18,reasonml-community,Organization
18,Raynes,User
18,brandonaaron,User
18,VKCOM,Organization
18,mongoid,Organization
18,projectatomic,Organization
18,ysbaddaden,User
18,react-native-component,Organization
18,bannzai,User
18,google-research-datasets,Organization
18,joshbuddy,User
18,analogdevicesinc,Organization
18,vmware-archive,Organization
18,fnichol,User
18,jeresig,User
18,haacked,User
18,TheLarkInn,User
18,satya164,User
18,2gis,Organization
18,trezor,Organization
18,tylerhall,User
18,codelibs,Organization
18,JackTeam,Organization
18,bmc,User
18,gadenbuie,User
18,xem,User
18,jcabi,Organization
18,gr2m,User
18,nelstrom,User
18,ROBOTIS-GIT,Organization
18,lcatro,User
18,ibdknox,User
18,bootsrc,User
18,jbenet,User
18,lestrrat-go,Organization
18,Astrocoders,Organization
18,chriseidhof,User
18,sslab-gatech,Organization
18,pebble,Organization
18,nebula-plugins,Organization
18,piomin,User
18,Lullabot,Organization
18,deoxxa,User
18,idris-hackers,Organization
18,ThinkR-open,Organization
18,conal,User
18,FormstoneClassic,Organization
18,graphaware,Organization
18,japaric-archived,User
18,idleberg,User
18,phadej,User
18,khanhnamle1994,User
18,mschwarzmueller,User
18,clearlinux,Organization
18,KalleHallden,User
18,zeke,User
18,alecjacobson,User
18,alfg,User
18,matthiasnoback,User
18,bketelsen,User
18,bijukunjummen,User
18,opendistro-for-elasticsearch,Organization
18,videogamepreservation,Organization
18,xpepermint,User
18,hzlshen,User
18,plaid,Organization
18,int128,User
18,ayende,User
18,viezel,User
18,anywhichway,User
18,datacenter,Organization
18,msantos,User
18,torchbox,Organization
18,jeroen,User
18,kazeburo,User
18,darius,User
18,djspiewak,User
18,joshmarinacci,User
18,etalab,Organization
18,OctopusDeploy,Organization
18,JohnCoene,User
18,doowb,User
18,migurski,User
18,benlau,User
18,cryptocoinjs,Organization
18,PrincetonUniversity,Organization
18,manjaro,Organization
18,Illumina,Organization
18,vic,User
18,fastly,Organization
18,JuliaIO,Organization
18,tugberkugurlu,User
18,bachors,User
18,jlengstorf,User
18,tagomoris,User
18,mcneel,Organization
18,G6EJD,User
18,aparrish,User
18,alfianlosari,User
18,fennifith,User
18,datacarpentry,Organization
18,AdaCore,Organization
18,xing,Organization
18,bakercp,User
18,tfausak,User
18,mercadopago,Organization
18,theburningmonk,User
18,Rinnegatamante,User
18,Vinai,User
18,elliotwoods,User
18,italia,Organization
18,Zaid-Ajaj,User
18,nanoporetech,Organization
18,sensu-plugins,Organization
18,beerjs,Organization
18,unclecheese,User
18,gonzalo123,User
18,appcelerator-modules,Organization
18,kentaro,User
18,ipa320,Organization
18,KrunalLathiya,User
18,satoruhiga,User
18,pld-linux,Organization
18,kerolloz,User
17,daneden,User
17,nvbn,User
17,x64dbg,Organization
17,ariya,User
17,Reactive-Extensions,Organization
17,SamyPesse,User
17,cockroachdb,Organization
17,keon,User
17,adobe-fonts,Organization
17,reactnativecn,Organization
17,spf13,User
17,android10,User
17,amazeui,Organization
17,eligrey,User
17,sass,Organization
17,erikras,User
17,php-fig,Organization
17,jwagner,User
17,auchenberg,User
17,STRML,User
17,openstf,Organization
17,jaegertracing,Organization
17,fgnass,User
17,primer,Organization
17,surmon-china,User
17,edent,User
17,brannondorsey,User
17,wagtail,Organization
17,bobthecow,User
17,withspectrum,Organization
17,MoePlayer,Organization
17,klaussinani,User
17,RasaHQ,Organization
17,chokcoco,User
17,robb,User
17,stanfordnlp,Organization
17,mutualmobile,Organization
17,mre,User
17,seatgeek,Organization
17,DataTables,User
17,ornicar,User
17,sosedoff,User
17,sstephenson,User
17,workshopper,Organization
17,pedrovgs,User
17,antoniolg,User
17,rofl0r,User
17,primefaces,Organization
17,cssinjs,Organization
17,jgilfelt,User
17,gliderlabs,Organization
17,anishathalye,User
17,jtleek,User
17,id-Software,Organization
17,kbrsh,User
17,node-webot,Organization
17,nteract,Organization
17,freebsd,Organization
17,rexxars,User
17,go-playground,Organization
17,fiorix,User
17,brianegan,User
17,pulumi,Organization
17,danielgtaylor,User
17,dxa4481,User
17,BYVoid,User
17,AloneMonkey,User
17,jedi4ever,User
17,citusdata,Organization
17,yui,Organization
17,bebraw,User
17,csswizardry,User
17,yhat,Organization
17,kolodny,User
17,assemble,Organization
17,hoodiehq,Organization
17,travisjeffery,User
17,soulwire,User
17,Skyscanner,Organization
17,johnmyleswhite,User
17,johnlui,User
17,cujojs,Organization
17,davidstutz,User
17,yajra,User
17,sallar,User
17,CoderZhuXH,User
17,MugunthKumar,User
17,migueldeicaza,User
17,zenangst,User
17,puikinsh,User
17,GitLqr,User
17,pion,Organization
17,zeek,Organization
17,kstenerud,User
17,Olical,User
17,clowwindy,User
17,icanzilb,User
17,EFForg,Organization
17,bhauman,User
17,topfunky,User
17,dockersamples,Organization
17,jpmens,User
17,dimitri,User
17,rcrowley,User
17,fanout,Organization
17,remind101,Organization
17,Polidea,Organization
17,ckan,Organization
17,grails,Organization
17,ElementUI,Organization
17,mvdan,User
17,HackerPoet,User
17,andelf,User
17,balanced,Organization
17,UKHomeOffice,Organization
17,editorconfig,Organization
17,yannickl,User
17,plamere,User
17,fsharp,Organization
17,mozilla-b2g,Organization
17,solo-io,Organization
17,best-flutter,Organization
17,panique,User
17,at-import,Organization
17,jimeh,User
17,jaz303,User
17,zio,Organization
17,pact-foundation,Organization
17,alanshaw,User
17,kymjs,User
17,websanova,User
17,pluralsight,Organization
17,withoutboats,User
17,karmi,User
17,php-http,Organization
17,mattlewis92,User
17,jez,User
17,opencog,Organization
17,rom-rb,Organization
17,yanyiwu,User
17,howie6879,User
17,adamcooke,User
17,floooh,User
17,atomicobject,Organization
17,720kb,Organization
17,markjaquith,User
17,stuartsierra,User
17,olahol,User
17,rdio,Organization
17,lmgonzalves,User
17,hzeller,User
17,syoyo,User
17,catamphetamine,User
17,inducer,User
17,cosmos,Organization
17,juju,Organization
17,mattupstate,User
17,hiddentao,User
17,BalestraPatrick,User
17,jussi-kalliokoski,User
17,dakrone,User
17,wangjiegulu,User
17,aralejs,Organization
17,apilayer,Organization
17,googleprojectzero,Organization
17,b4b4r07,User
17,vaneenige,User
17,klauspost,User
17,atmos,User
17,anitaa1990,User
17,samuel,User
17,Xyntax,User
17,JeasonWong,User
17,metowolf,User
17,JaviSoto,User
17,glycerine,User
17,r9y9,User
17,Code52,Organization
17,evanphx,User
17,lzyy,User
17,esl,Organization
17,bamos,User
17,bevry,Organization
17,pointfreeco,Organization
17,platanus,Organization
17,netease-im,Organization
17,trustwallet,Organization
17,filipw,User
17,ivaylokenov,User
17,ramnathv,User
17,guangqiang-liu,User
17,dowjones,Organization
17,CSS-Tricks,Organization
17,leebyron,User
17,cod3rcursos,Organization
17,benschwarz,User
17,kaltura,Organization
17,bitshares,Organization
17,SpongePowered,Organization
17,mdp,User
17,Cloud-CV,Organization
17,fletcher,User
17,wavesplatform,Organization
17,pengwynn,User
17,ggomaeng,User
17,GrahamCampbell,User
17,qingmei2,User
17,don,User
17,iamcco,User
17,vasturiano,User
17,MiSTer-devel,Organization
17,maoberlehner,User
17,outflanknl,Organization
17,Baseflow,Organization
17,daniellmb,User
17,Kaixhin,User
17,stelligent,Organization
17,w0lfschild,User
17,fredwu,User
17,hit9,User
17,devinsays,User
17,norio-nomura,User
17,RReverser,User
17,BishopFox,Organization
17,echen,User
17,subtleGradient,User
17,carllerche,User
17,IntelLabs,Organization
17,davidmoten,User
17,robjhyndman,User
17,BuzzFeedNews,Organization
17,greyli,User
17,natefaubion,User
17,Nexmo,Organization
17,FriendsOfCake,Organization
17,peterhellberg,User
17,LekoArts,User
17,uswitch,Organization
17,skelsec,User
17,davideast,User
17,whitfin,User
17,alexyoung,User
17,danchoi,User
17,shawnbot,User
17,raganwald,User
17,sorah,User
17,averagesecurityguy,User
17,clj-commons,Organization
17,underscoreio,Organization
17,ibhavikmakwana,User
17,eudoxia0,User
17,lazerwalker,User
17,SwiftEducation,Organization
17,rpm-software-management,Organization
17,codediodeio,User
17,makandra,Organization
17,owenliang,User
17,floatinghotpot,User
17,apotonick,User
17,kig,User
17,mobify,Organization
17,foamliu,User
17,mhartington,User
17,fox-it,Organization
17,anaisbetts,User
17,cb372,User
17,turicas,User
17,spencercarli,User
17,echonest,Organization
17,praekelt,Organization
17,browniefed,User
17,GStreamer,Organization
17,oscardelben,User
17,corpnewt,User
17,RamblingCookieMonster,User
17,mikera,User
17,lintool,User
17,conveyal,Organization
17,dbpedia,Organization
17,cloudant,Organization
17,sunaku,User
17,BranchMetrics,Organization
17,alloy,User
17,pragdave,User
17,Arachnid,User
17,bennadel,User
17,keunwoochoi,User
17,ebryn,User
17,InteractiveAdvertisingBureau,Organization
17,simondlevy,User
17,pinceladasdaweb,User
17,tkh44,User
17,skratchdot,User
17,NYAN-x-CAT,User
17,MozillaSecurity,Organization
17,sdeleuze,User
17,IKende,User
17,zhuowei,User
17,Jimdo,Organization
17,openfootball,Organization
17,comex,User
17,gen2brain,User
17,percolatestudio,Organization
17,emilbayes,User
17,Hipo,Organization
17,sparkbox,Organization
17,emn178,User
17,imweb,Organization
17,joeeames,User
17,zfcampus,Organization
17,qiushi123,User
17,decred,Organization
17,chilts,User
17,MozillaReality,Organization
17,open-telemetry,Organization
17,digidem,Organization
17,adobe-type-tools,Organization
17,drehimself,User
17,reem,User
17,yiiext,Organization
17,p4lang,Organization
17,judofyr,User
17,brandonbloom,User
17,mysociety,Organization
17,tmc,User
17,rejeep,User
17,cipchk,User
17,yuzd,User
17,williballenthin,User
17,tareq1988,User
17,openenergymonitor,Organization
17,st3fan,User
17,custom-components,Organization
17,Hankkin,User
17,aerospike,Organization
17,ahhh,User
17,SuperV1234,User
17,ncbi,Organization
17,alleyinteractive,Organization
17,jirutka,User
17,vert-x,Organization
17,frnsys,User
17,vincenthz,User
17,mitmul,User
17,lapwinglabs,Organization
17,QAX-A-Team,Organization
17,ruby-rdf,Organization
17,Arno0x,User
17,opsxcq,User
17,otalk,Organization
17,bendrucker,User
17,yueyoum,User
17,ef4,User
17,rockchip-linux,Organization
17,SumoLogic,Organization
17,billerickson,User
17,caktus,Organization
17,osrf,Organization
17,initialstate,Organization
17,mraible,User
17,lanl,Organization
17,springmeyer,User
17,ros-perception,Organization
17,martinmoene,User
17,intelligo-systems,Organization
17,conradev,User
17,heroku-examples,Organization
17,NathanaelA,User
17,stevekinney,User
17,terraform-google-modules,Organization
17,ahmadnassri,User
17,nvpro-samples,Organization
17,sarfraznawaz2005,User
17,smart-on-fhir,Organization
17,bmcmahen,User
17,rcarmo,User
17,ionicthemes,Organization
17,blacktop,User
17,OpenAgricultureFoundation,Organization
17,kousen,User
17,rtCamp,Organization
17,15Dkatz,User
17,techwithtim,User
17,okdistribute,User
17,vsavkin,User
17,mgattozzi,User
17,AgoraIO,Organization
17,mk-fg,User
17,sile,User
17,brosner,User
17,mongodb-js,Organization
17,svetlyak40wt,User
17,bobrik,User
17,Orange-OpenSource,Organization
17,kmcallister,User
17,Integralist,User
17,daeken,User
17,catid,User
17,mageplaza,Organization
17,typester,User
17,Songmu,User
17,softlayer,Organization
17,KevinDockx,User
17,mpj,User
17,koron,User
17,Shinmera,User
17,mrlesmithjr,User
17,neoighodaro,User
17,xuchunyang,User
17,shinyquagsire23,User
17,vkarpov15,User
17,stoic1979,User
17,EricZimmerman,User
17,themefisher,Organization
17,telefonicaid,Organization
17,Cognifide,Organization
17,chop-dbhi,Organization
17,capaj,User
17,prismicio,Organization
17,edu2act,Organization
17,richardanaya,User
17,SystangoTechnologies,Organization
17,jnewland,User
17,CodAffection,User
17,j2kun,User
17,bcgov,Organization
17,PaaS-TA,Organization
17,yizhuoyan,User
16,donnemartin,User
16,TheAlgorithms,Organization
16,avelino,User
16,django,Organization
16,gatsbyjs,Organization
16,wasabeef,User
16,neovim,Organization
16,prakhar1989,User
16,blueimp,User
16,caolan,User
16,fffaraz,User
16,danielmiessler,User
16,istio,Organization
16,ityouknow,User
16,akveo,Organization
16,gorhill,User
16,kataras,User
16,yeasy,User
16,nikitavoloboev,User
16,nicolargo,User
16,keystonejs,Organization
16,ibireme,User
16,css-modules,Organization
16,oblador,User
16,chriskempson,User
16,adobe-webplatform,Organization
16,xuxueli,User
16,dgraph-io,Organization
16,nodemailer,Organization
16,phanan,User
16,LightTable,Organization
16,matplotlib,Organization
16,artf,User
16,posquit0,User
16,reactioncommerce,Organization
16,ksoichiro,User
16,highcharts,Organization
16,daylerees,User
16,apenwarr,User
16,medcl,User
16,asciimoo,User
16,ory,Organization
16,chinchang,User
16,jmoiron,User
16,svgdotjs,Organization
16,haiwen,Organization
16,jakesgordon,User
16,TonnyL,User
16,dragen1860,User
16,qiao,User
16,Urinx,User
16,appbaseio,Organization
16,cyrus-and,User
16,trentm,User
16,naman14,User
16,yanzhenjie,User
16,tomnomnom,User
16,guard,Organization
16,scylladb,Organization
16,prisma-labs,Organization
16,daltoniam,User
16,SocketCluster,Organization
16,chrisvfritz,User
16,flatiron,Organization
16,pkg,Organization
16,bkeepers,User
16,Workiva,Organization
16,evant,User
16,dmytrodanylyk,User
16,prolificinteractive,Organization
16,sockeqwe,User
16,dylang,User
16,taigaio,Organization
16,yiminghe,User
16,redguardtoo,User
16,frogermcs,User
16,oldratlee,User
16,rmurphey,User
16,bitly,Organization
16,frida,Organization
16,webpro,User
16,tbranyen,User
16,ericdouglas,User
16,EsotericSoftware,Organization
16,wbkd,Organization
16,pujiaxin33,User
16,mesos,Organization
16,Redth,User
16,umpirsky,User
16,scikit-learn-contrib,Organization
16,kangax,User
16,NullArray,User
16,Codeception,Organization
16,layerhq,Organization
16,nixzhu,User
16,NervanaSystems,Organization
16,hunkim,User
16,framer,Organization
16,shazow,User
16,StackStorm,Organization
16,toji,User
16,APSL,Organization
16,racket,Organization
16,adamchainz,User
16,ripple,Organization
16,knadh,User
16,ValdikSS,User
16,1N3,User
16,mysticatea,User
16,ming1016,User
16,pattern-lab,Organization
16,nicolasgramlich,User
16,ctrlplusb,User
16,apostrophecms,Organization
16,andresriancho,User
16,zhengwenming,User
16,phith0n,User
16,trailblazer,Organization
16,sensu,Organization
16,ildoonet,User
16,Rob--W,User
16,YouXianMing,User
16,seiyria,User
16,nrwl,Organization
16,honcheng,User
16,danvk,User
16,WillKoehrsen,User
16,kciter,User
16,substance,Organization
16,koding,Organization
16,adaltas,Organization
16,IcaliaLabs,Organization
16,datawire,Organization
16,lirantal,User
16,esbenp,User
16,nlf,User
16,dasdom,User
16,wincent,User
16,seanmonstar,User
16,rime,Organization
16,daattali,User
16,marijnh,User
16,ondras,User
16,americanexpress,Organization
16,EdOverflow,User
16,joeferner,User
16,peerigon,Organization
16,RUB-NDS,Organization
16,gernest,User
16,chyyuu,User
16,lloyd,User
16,optimizely,Organization
16,steelkiwi,Organization
16,jeremykenedy,User
16,wrobstory,User
16,oreilly-japan,Organization
16,Jude95,User
16,sohamkamani,User
16,talyssonoc,User
16,ingydotnet,User
16,geelen,User
16,enyojs,Organization
16,divshot,Organization
16,davidtheclark,User
16,Wizcorp,Organization
16,princeton-vl,Organization
16,lavas-project,Organization
16,seejohnrun,User
16,Ultimaker,Organization
16,pelias,Organization
16,pissang,User
16,npryce,User
16,L1aoXingyu,User
16,mehcode,User
16,deepsweet,User
16,ivanceras,User
16,DeborahK,User
16,MZCretin,User
16,widdix,Organization
16,garybernhardt,User
16,octopress,Organization
16,Roave,Organization
16,ustwo,Organization
16,Akagi201,User
16,test-kitchen,Organization
16,bungle,User
16,dongweiming,User
16,immersive-web,Organization
16,souporserious,User
16,iamcal,User
16,zerosum0x0,User
16,mljs,Organization
16,wookayin,User
16,mmazzarolo,User
16,cespare,User
16,wildbit,Organization
16,projectcalico,Organization
16,simplegeo,Organization
16,voxmedia,Organization
16,D4Vinci,User
16,unclebob,User
16,sksamuel,User
16,SpringCloud,Organization
16,shyiko,User
16,stowball,User
16,jeffijoe,User
16,i-saint,User
16,sitepoint-editors,Organization
16,wwj718,User
16,brson,User
16,blipinsk,User
16,mroth,User
16,triceam,User
16,loklak,Organization
16,Fuco1,User
16,davedelong,User
16,keithamus,User
16,kevinburke,User
16,Gregwar,User
16,0xProject,Organization
16,darkoperator,User
16,modxcms,Organization
16,topepo,User
16,Yoast,Organization
16,tirthajyoti,User
16,microsoftarchive,Organization
16,ring04h,User
16,MartinRGB,User
16,steelbrain,User
16,imgix,Organization
16,nov,User
16,rdp,User
16,scanlime,User
16,NV,User
16,takluyver,User
16,herumi,User
16,hunterloftis,User
16,kenjis,User
16,monitoringartist,Organization
16,greenelab,Organization
16,amio,User
16,kost,User
16,DeveloperLx,User
16,beego,Organization
16,neubig,User
16,nelenkov,User
16,zz85,User
16,UnityTechnologies,Organization
16,LingDong-,User
16,Differential,Organization
16,webyrd,User
16,bytefish,User
16,dom96,User
16,ushahidi,Organization
16,lmb-freiburg,Organization
16,miracle2k,User
16,xlab,User
16,zachleat,User
16,theleagueof,Organization
16,aeternity,Organization
16,matsumotory,User
16,pd4d10,User
16,jashmenn,User
16,lukejacksonn,User
16,PeculiarVentures,Organization
16,Zhuinden,User
16,donavon,User
16,KirillOsenkov,User
16,bomberstudios,User
16,Nilhcem,User
16,m13253,User
16,plivo,Organization
16,moll,User
16,finom,User
16,elm-lang,Organization
16,JideGuru,User
16,GDQuest,Organization
16,crowbar,Organization
16,ksvc,Organization
16,vesparny,User
16,shakyShane,User
16,mhartl,User
16,alan-turing-institute,Organization
16,stealth,User
16,fdaciuk,User
16,maddox,User
16,ijoshsmith,User
16,aaronpowell,User
16,wemake-services,Organization
16,graphitemaster,User
16,thenativeweb,Organization
16,ajtulloch,User
16,GianlucaGuarini,User
16,avito-tech,Organization
16,rxlabz,User
16,galaxyproject,Organization
16,signalfx,Organization
16,nickjj,User
16,tlrobinson,User
16,OliverLetterer,User
16,juliancwirko,User
16,VividCortex,Organization
16,kitten,User
16,seamusabshere,User
16,cavaliercoder,User
16,namin,User
16,kevinzakka,User
16,zachwill,User
16,adlnet,Organization
16,Wikiki,User
16,HenrikBengtsson,User
16,carsonmcdonald,User
16,f-prime,User
16,jamesplease,User
16,Wolox,Organization
16,donmccurdy,User
16,teropa,User
16,jgarzik,User
16,sdushantha,User
16,stanford-futuredata,Organization
16,relay-tools,Organization
16,theislab,Organization
16,rafaelrinaldi,User
16,codegram,Organization
16,wapmorgan,User
16,bmuller,User
16,EliverLara,User
16,Mirantis,Organization
16,alphamu,User
16,antoniogarrote,User
16,keplerproject,Organization
16,gin-contrib,Organization
16,biocore,Organization
16,kristerkari,User
16,tengzhangchao,User
16,schickling,User
16,xsc,User
16,metarhia,Organization
16,timbertson,User
16,ZipCPU,User
16,slok,User
16,fireship-io,Organization
16,callmenick,User
16,ftomassetti,User
16,finscn,User
16,importre,User
16,ceejbot,User
16,6ag,User
16,yesmeck,User
16,Stanko,User
16,giscafer,User
16,pyr,User
16,AlexDenisov,User
16,stulzq,User
16,99xt,Organization
16,decentralized-identity,Organization
16,chriseppstein,User
16,akof1314,User
16,bitmovin,Organization
16,mattbierner,User
16,vim-jp,Organization
16,arturoc,User
16,hax,User
16,hotosm,Organization
16,slorber,User
16,AdamBrodzinski,User
16,philnash,User
16,JuliaComputing,Organization
16,hharnisc,User
16,syncfusion,Organization
16,pgte,User
16,kowainik,Organization
16,readium,Organization
16,rubygarage,Organization
16,milo2012,User
16,wanliyang1990,User
16,OpenBCI,Organization
16,james2doyle,User
16,leavesC,User
16,mist64,User
16,GIScience,Organization
16,MobClub,Organization
16,ofZach,User
16,zopefoundation,Organization
16,lmammino,User
16,DamonOehlman,User
16,flynn-archive,Organization
16,minrk,User
16,tomhodgins,User
16,nikita-volkov,User
16,witnessmenow,User
16,xdite,User
16,snarfed,User
16,dpa99c,User
16,ice1000,User
16,toolness,User
16,matpalm,User
16,stacktipslab,User
16,sergiodxa,User
16,kasuganosoras,User
16,pablobarbera,User
16,meanbee,Organization
16,shalvah,User
16,callowayproject,Organization
16,mercadolibre,Organization
16,ghaiklor,User
16,isovector,User
16,ServiceStackApps,Organization
16,lusis,User
16,tunnelvisionlabs,Organization
16,ad-si,User
16,calmh,User
16,TAMU-VITA,Organization
16,rayokota,User
16,Dynatrace,Organization
16,opendaylight,Organization
16,AuthorizeNet,Organization
16,dereuromark,User
16,CloudCannon,Organization
16,livingsocial,Organization
16,developerforce,Organization
16,rambler-digital-solutions,Organization
16,QubesOS,Organization
16,NatashaTheRobot,User
16,miohtama,User
16,fand,User
16,EQuimper,User
16,NanXiao,User
16,Percona-Lab,Organization
16,omniti-labs,Organization
16,roccomuso,User
16,dapphub,Organization
16,nico3333fr,User
16,sematext,Organization
16,johnlindquist,User
16,duosecurity,Organization
16,planetfederal,Organization
16,CrowdStrike,Organization
16,kawasima,User
16,endel,User
16,hplgit,User
16,monome,Organization
16,LeonidasEsteban,User
16,mattrobenolt,User
16,nokia,Organization
16,Vheissu,User
16,ravi8x,User
16,martini-contrib,Organization
16,cedaro,Organization
16,b3ll,User
16,cloudyr,Organization
16,uclnlp,Organization
16,simpulton,User
16,inpsyde,Organization
16,nomeata,User
16,jreinke,User
16,sisl,Organization
16,xerub,User
16,oVirt,Organization
16,wsl2ls,User
16,RestComm,Organization
16,abdullahselek,User
16,BlueBrain,Organization
16,vmchale,User
16,meetup,Organization
16,terraform-community-modules,Organization
16,yifanlu,User
16,okgrow,Organization
16,FISCO-BCOS,Organization
16,imistyrain,User
16,orthecreedence,User
16,clementfarabet,User
16,bazad,User
16,mpgn,User
16,dsyer,User
16,coderanger,User
16,sole,User
16,bcgsc,Organization
16,contributte,Organization
16,3scale,Organization
16,Cycling74,Organization
16,kazu-yamamoto,User
16,GDSSecurity,Organization
16,htm-community,Organization
16,ccorcos,User
16,OsandaMalith,User
16,dzzie,User
16,das2017,User
16,screepers,Organization
16,OCamlPro,Organization
16,razorpay,Organization
16,ghewgill,User
16,toranb,User
16,omise,Organization
16,amap-demo,Organization
16,masylum,User
16,openhomeautomation,Organization
16,gagle,User
16,bitluni,User
16,VirgilSecurity,Organization
16,AngularFirebase,Organization
16,eppz,User
16,spacetelescope,Organization
16,uwnlp,Organization
16,gsurma,User
16,icyleaf,User
16,runwayml,Organization
16,akamai,Organization
16,Kdyby,Organization
16,franciscofranco,User
16,fxfactorial,User
16,pixelandtonic,Organization
16,iarna,User
16,Ironholds,User
16,wso2-attic,Organization
16,designcourse,User
16,takahirox,User
16,vti,User
16,tado,User
16,ammezie,User
16,hnakamur,User
16,WildDogTeam,Organization
16,kivy-garden,Organization
16,szymonkaliski,User
16,x42,User
16,garystafford,User
16,nicholasjackson,User
16,mcurry,User
16,JeremyLikness,User
16,codeforboston,Organization
16,sethvincent,User
16,mcauser,User
16,triniwiz,User
16,yireo,Organization
16,gilbutITbook,User
16,RT-Thread-packages,Organization
16,TelerikAcademy,Organization
16,SyncfusionSuccinctlyE-Books,Organization
16,ESSS,Organization
16,RangerMauve,User
16,FaztWeb,Organization
16,symphonists,Organization
16,balena-io-playground,Organization
16,HackBulgaria,Organization
16,thisislys,User
15,Semantic-Org,Organization
15,v2ray,Organization
15,shengxinjing,User
15,raywenderlich,Organization
15,CamDavidsonPilon,User
15,niklasvh,User
15,pugjs,Organization
15,usablica,Organization
15,formulahendry,User
15,inconshreveable,User
15,pjreddie,User
15,helm,Organization
15,graphql,Organization
15,denysdovhan,User
15,crystal-lang,Organization
15,riot,Organization
15,wangshub,User
15,material-components,Organization
15,nfarina,User
15,pouchdb,Organization
15,winterbe,User
15,cubiq,User
15,JeffLi1993,User
15,pomber,User
15,xtaci,User
15,zulip,Organization
15,keen,Organization
15,zalmoxisus,User
15,mishoo,User
15,shimohq,Organization
15,ccampbell,User
15,bcicen,User
15,JessYanCoding,User
15,mozilla-mobile,Organization
15,esimov,User
15,luin,User
15,slackhq,Organization
15,graphile,Organization
15,mame,User
15,roughike,User
15,jquense,User
15,phpstan,Organization
15,aleju,User
15,Masterminds,Organization
15,snail007,User
15,gravitational,Organization
15,lzyzsd,User
15,trello,Organization
15,draveness,User
15,reactphp,Organization
15,wechaty,Organization
15,chenshuo,User
15,hs-web,Organization
15,StylishThemes,Organization
15,stefanpenner,User
15,es-shims,Organization
15,deepstreamIO,Organization
15,rootsongjc,User
15,fideloper,User
15,Zulko,User
15,systemd,Organization
15,timqian,User
15,pirate,User
15,careercup,Organization
15,andreamazz,User
15,brightmart,User
15,newsapps,Organization
15,hjacobs,User
15,wasmerio,Organization
15,jellyfin,Organization
15,norman,User
15,assaf,User
15,toptal,Organization
15,keycloak,Organization
15,containerd,Organization
15,spyder-ide,Organization
15,pillarjs,Organization
15,valor-software,Organization
15,hlissner,User
15,OpenMined,Organization
15,mysql,Organization
15,JuanitoFatas,User
15,MicheleBertoli,User
15,componentjs,Organization
15,mycolorway,Organization
15,wklken,User
15,mbasso,User
15,shakacode,Organization
15,bbatsov,User
15,qor,Organization
15,mikaelbr,User
15,hibernate,Organization
15,laruence,User
15,centrifugal,Organization
15,svenstaro,User
15,99designs,Organization
15,deepmipt,Organization
15,puniverse,Organization
15,sveinbjornt,User
15,csstools,Organization
15,btcsuite,Organization
15,platformio,Organization
15,Geal,User
15,seemoo-lab,Organization
15,pentaho,Organization
15,senecajs,Organization
15,kohsuke,User
15,MinecraftForge,Organization
15,jpmorganchase,Organization
15,Aerolab,Organization
15,indexzero,User
15,Yomguithereal,User
15,gonum,Organization
15,hootsuite,Organization
15,anthonyshort,User
15,stamparm,User
15,digitalbazaar,Organization
15,micronaut-projects,Organization
15,mit-pdos,Organization
15,orbitdb,Organization
15,Kozea,Organization
15,BonsaiDen,User
15,Hanson,User
15,dabeaz,User
15,felipefialho,User
15,yuanxiaosc,User
15,aziz,User
15,gwuhaolin,User
15,timofurrer,User
15,jojoldu,User
15,aquasecurity,Organization
15,kevinsawicki,User
15,stephanenicolas,User
15,reactor,Organization
15,zzz40500,User
15,youtube,Organization
15,JamieMason,User
15,autofac,Organization
15,lxc,Organization
15,noflo,Organization
15,dequelabs,Organization
15,reworkcss,Organization
15,ClusterM,User
15,dankogai,User
15,roidrage,User
15,jasny,User
15,0xced,User
15,crate,Organization
15,RichardLitt,User
15,fcambus,User
15,liuyubobobo,User
15,modocache,User
15,kubernetes-retired,Organization
15,gravityblast,User
15,liuchengxu,User
15,Heydon,User
15,AlanQuatermain,User
15,sjchoi86,User
15,VictorAlbertos,User
15,ra1028,User
15,audreyt,User
15,NathanWalker,User
15,jsvine,User
15,it-ebooks,Organization
15,dcodeIO,User
15,opentracing,Organization
15,pstadler,User
15,bitstadium,Organization
15,technicalpickles,User
15,nsomar,User
15,haskellcamargo,User
15,pret,Organization
15,bradfrost,User
15,websemantics,User
15,thisandagain,User
15,nathco,User
15,mozilla-iot,Organization
15,javierbyte,User
15,Teradata,Organization
15,luispedro,User
15,jmettraux,User
15,solus-project,Organization
15,jwplayer,Organization
15,lo-th,User
15,codeclimate,Organization
15,SimpleMobileTools,Organization
15,qunarcorp,Organization
15,antiboredom,User
15,flavienlaurent,User
15,eliben,User
15,nature-of-code,Organization
15,anjlab,Organization
15,layumi,User
15,sephiroth74,User
15,aweary,User
15,ezyang,User
15,fable-compiler,Organization
15,ligershark,Organization
15,SteveSanderson,User
15,natefinch,User
15,kylef,User
15,DavidWells,User
15,chantastic,User
15,sudar,User
15,choerodon,Organization
15,maoruibin,User
15,census-instrumentation,Organization
15,klinker24,User
15,niwinz,User
15,OSGeo,Organization
15,TeamWin,Organization
15,kohana,Organization
15,cartalyst,Organization
15,pedronauck,User
15,Codeinwp,Organization
15,faceyspacey,User
15,ysc,User
15,mono0926,User
15,obfuscurity,User
15,Calinou,User
15,pydata,Organization
15,davist11,User
15,cognitom,User
15,s-yadav,User
15,kostya,User
15,ruotianluo,User
15,evrone,Organization
15,ooyala,Organization
15,m-labs,Organization
15,jeffheaton,User
15,Tamicer,User
15,namshi,Organization
15,freenas,Organization
15,fairygui,Organization
15,txusballesteros,User
15,OmniSharp,Organization
15,hail2u,User
15,alexkuz,User
15,chrismccord,User
15,RadeonOpenCompute,Organization
15,elliotchance,User
15,bcherny,User
15,prabirshrestha,User
15,aras-p,User
15,TIBCOSoftware,Organization
15,haskell-servant,Organization
15,yask123,User
15,orchestral,Organization
15,robotlolita,User
15,zhangxinxu,User
15,hhvm,Organization
15,GeneaLabs,Organization
15,bitovi,Organization
15,weexteam,Organization
15,gojek,Organization
15,applidium,Organization
15,sghall,User
15,helloxz,User
15,yoksel,User
15,dooboolab,Organization
15,poetries,User
15,avh4,User
15,mila-iqia,Organization
15,sequenceiq,Organization
15,enjalot,User
15,OneSignal,Organization
15,sagemath,Organization
15,karthik,User
15,scalameta,Organization
15,MagerValp,User
15,fengsp,User
15,josh,User
15,vanniktech,User
15,otiai10,User
15,monzo,Organization
15,killercup,User
15,Accenture,Organization
15,clovaai,Organization
15,MaJerle,User
15,parrt,User
15,LeoMobileDeveloper,User
15,babylonhealth,Organization
15,PureSwift,Organization
15,ManageIQ,Organization
15,vinniefalco,User
15,jacobgil,User
15,closeio,Organization
15,OLIMEX,Organization
15,rigetti,Organization
15,roxma,User
15,formio,Organization
15,opendns,Organization
15,storj,Organization
15,wodby,Organization
15,spmjs,Organization
15,orf,User
15,mindreframer,User
15,Thinkmill,Organization
15,niklasf,User
15,andikleen,User
15,hanhailong,User
15,ryanseddon,User
15,othree,User
15,salsify,Organization
15,leocavalcante,User
15,d0k3,User
15,mrmlnc,User
15,niklasb,User
15,vicapow,User
15,meganz,Organization
15,WeBankFinTech,Organization
15,FIX94,User
15,riggaroo,User
15,xaviershay,User
15,ziutek,User
15,MaslowCommunityGarden,Organization
15,wp-premium,Organization
15,kmike,User
15,padolsey,User
15,BolexLiu,User
15,iTofu,User
15,icoxfog417,User
15,willard-yuan,User
15,adopted-ember-addons,Organization
15,slamdata,Organization
15,xolvio,Organization
15,AArnott,User
15,alexzielenski,User
15,nicejade,User
15,jezdez,User
15,eucalyptus,Organization
15,autopkg,Organization
15,mnapoli,User
15,gregkh,User
15,dyne,Organization
15,JuliaData,Organization
15,hzoo,User
15,toleda,User
15,ruyadorno,User
15,saelo,User
15,ontio,Organization
15,FooBarWidget,User
15,unixzii,User
15,jkitchin,User
15,OpenGene,Organization
15,pysal,Organization
15,lifepillar,User
15,huruji,User
15,example42,Organization
15,themeteorchef,User
15,ducha-aiki,User
15,PlayFab,Organization
15,kkdai,User
15,mattiasgeniar,User
15,twilson63,User
15,vojtajina,User
15,TerryZ,User
15,lynaghk,User
15,elierotenberg,User
15,Widdershin,User
15,graylog-labs,Organization
15,webdriverio-boneyard,Organization
15,jpmml,Organization
15,Siguza,User
15,connor11528,User
15,zencoder,Organization
15,Praqma,Organization
15,MarcWeber,User
15,tkf,User
15,dpc,User
15,maxdemarzi,User
15,shinnn,User
15,atilaneves,User
15,fabiensanglard,User
15,yglukhov,User
15,collective,Organization
15,tweekmonster,User
15,thibauts,User
15,astro,User
15,arq5x,User
15,scalacenter,Organization
15,mappum,User
15,tanakh,User
15,eigengo,Organization
15,runemadsen,User
15,graysky2,User
15,seiflotfy,User
15,meltwater,Organization
15,stamen,Organization
15,savoirfairelinux,Organization
15,hengyunabc,User
15,daleharvey,User
15,kottans,Organization
15,Nordstrom,Organization
15,ArchiveTeam,Organization
15,osyo-manga,User
15,bitrise-io,Organization
15,uncleleonfan,User
15,sgr-ksmt,User
15,featurist,Organization
15,mumoshu,User
15,Smile-SA,Organization
15,tjfontaine,User
15,hollyschinsky,User
15,nasser,User
15,Soluto,Organization
15,getkirby-v2,Organization
15,poise,Organization
15,ROCmSoftwarePlatform,Organization
15,mna,User
15,danielstern,User
15,SciresM,User
15,ligi,User
15,cibernox,User
15,kriszyp,User
15,xPaw,User
15,loboris,User
15,liufan321,User
15,tsileo,User
15,dg,User
15,vvakame,User
15,ianozsvald,User
15,eladhoffer,User
15,chriscoyier,User
15,vsergeev,User
15,uwplse,Organization
15,tlhunter,User
15,adblockplus,Organization
15,vusec,Organization
15,mohsen1,User
15,vladimirvivien,User
15,academind,Organization
15,ekg,User
15,kenn,User
15,brminnick,User
15,NoRedInk,Organization
15,cheind,User
15,potato4d,User
15,adjoint-io,Organization
15,SchumacherFM,User
15,lilydjwg,User
15,peopledoc,Organization
15,tunnckoCore,User
15,CyberShadow,User
15,cubicdaiya,User
15,yallop,User
15,cdown,User
15,subgraph,Organization
15,saitjr,User
15,jodosha,User
15,shuber,User
15,random-robbie,User
15,brakmic,User
15,TheThingsNetwork,Organization
15,leeper,User
15,mklabs,User
15,xoofx,User
15,aclements,User
15,captn3m0,User
15,bitfinexcom,Organization
15,deanhume,User
15,dciccale,User
15,afawcett,User
15,ashleygwilliams,User
15,kiwicom,Organization
15,DHTMLX,Organization
15,jlouis,User
15,kundajelab,Organization
15,howl-anderson,User
15,MaxwellGengYF,User
15,PeterCxy,User
15,pakastin,User
15,bruce,User
15,shellscape,User
15,turingschool,Organization
15,cpuguy83,User
15,tyrchen,User
15,chr15m,User
15,nickdesaulniers,User
15,rosylilly,User
15,mrocklin,User
15,William-Yeh,User
15,sthewissen,User
15,flyingmachine,User
15,huangdali,User
15,jexp,User
15,mgeeky,User
15,HexHive,Organization
15,bigtreetech,User
15,dahu,User
15,akrabat,User
15,bkuhlmann,User
15,textileio,Organization
15,danielctull,User
15,clux,User
15,angelozerr,User
15,unix,User
15,archan937,User
15,gitterHQ,Organization
15,spoqa,Organization
15,DoctorMcKay,User
15,nf,User
15,wearefractal,Organization
15,ocamllabs,Organization
15,ghuntley,User
15,Gizra,Organization
15,Kreijstal,User
15,chanzuckerberg,Organization
15,maddevsio,Organization
15,Obijuan,User
15,robotology,Organization
15,jesstelford,User
15,lukagabric,User
15,owncloudarchive,Organization
15,jscomplete,Organization
15,hassox,User
15,jsoverson,User
15,dnsimple,Organization
15,jimmycuadra,User
15,dflydev,Organization
15,surma,User
15,thuml,Organization
15,mulesoft-labs,Organization
15,bigcommerce,Organization
15,mojodna,User
15,Lallassu,User
15,serverless-components,Organization
15,castorini,Organization
15,uport-project,Organization
15,AndroidMsky,User
15,kessler,User
15,GENIVI,Organization
15,carlosazaustre,User
15,wernight,User
15,gophergala,Organization
15,vilic,User
15,sdslabs,Organization
15,moltin,Organization
15,milesj,User
15,w8r,User
15,ArkEcosystem,Organization
15,exoscale,Organization
15,lilyball,User
15,opencredo,Organization
15,laginimaineb,User
15,ragingwind,User
15,rrwick,User
15,JoshData,User
15,gongo,User
15,dailymotion,Organization
15,jbalogh,User
15,prologic,User
15,unicredit,Organization
15,Legitcode,Organization
15,halgari,User
15,SpoonX,Organization
15,CaptainCodeman,User
15,NLeSC,Organization
15,xyzz,User
15,sky-uk,Organization
15,AsehesL,User
15,qibin0506,User
15,scivision,User
15,scikit-hep,Organization
15,superfeedr,Organization
15,happypeter,User
15,adnanrahic,User
15,JonPSmith,User
15,Vizzuality,Organization
15,elfmaster,User
15,cuducos,User
15,foundersandcoders,Organization
15,spatialos,Organization
15,theodi,Organization
15,brightcove,Organization
15,H2CO3,User
15,lucasconstantino,User
15,stefanwalther,User
15,savepopulation,User
15,grails-plugins,Organization
15,yldio,Organization
15,wyntau,User
15,jasonkneen,User
15,SquareBracketAssociates,Organization
15,leftstick,User
15,sugi-cho,User
15,musyoku,User
15,respeaker,Organization
15,mattleibow,User
15,jo,User
15,suchipi,User
15,KZen-networks,Organization
15,distillpub,Organization
15,olalonde,User
15,hayeah,User
15,bocoup,Organization
15,mixmaxhq,Organization
15,ngs,User
15,JuliaAttic,Organization
15,drone-plugins,Organization
15,nihilus,User
15,jacobwilliams,User
15,AKSW,Organization
15,DamianEdwards,User
15,matthiask,User
15,dirkschumacher,User
15,grahamgilbert,User
15,avsm,User
15,janryWang,User
15,rjbs,User
15,ahawkins,User
15,AndreasMadsen,User
15,vitorbritto,User
15,jcouyang,User
15,deven98,User
15,konsumer,User
15,trestletech,User
15,nikomatsakis,User
15,mstksg,User
15,burkeholland,User
15,pbrisbin,User
15,kamicane,User
15,qlik-oss,Organization
15,autopilotpattern,Organization
15,pleerock,User
15,AngularClass,Organization
15,k0sukey,User
15,knu,User
15,iopipe,Organization
15,saksdirect,Organization
15,ricardoalcocer,User
15,oceanprotocol,Organization
15,firegento,Organization
15,eevee,User
15,DFRobot,Organization
15,gaborcsardi,User
15,algaworks,Organization
15,buddycloud,Organization
15,parkr,User
15,iamstarkov,User
15,kastnerkyle,User
15,sanger-pathogens,Organization
15,thautwarm,User
15,sol-prog,User
15,JuliaML,Organization
15,DaoCloud,Organization
15,dimkr,User
15,armadillu,User
15,radare,User
15,LilyGO,User
15,wybiral,User
15,tpapp,User
15,BBVA,Organization
15,eh3rrera,User
15,openfaas-incubator,Organization
15,Digilent,Organization
15,Oslandia,Organization
15,MingtaoGuo,User
15,ibm-messaging,Organization
15,rstudio-conf-2020,Organization
15,salesforce-marketingcloud,Organization
15,CumulusNetworks,Organization
15,nomadcoders,Organization
15,onehungrymind,Organization
15,szaghi,User
15,elsassph,User
15,knoldus,Organization
15,jb55,User
15,friendlyarm,User
15,badboy,User
15,Cheesebaron,User
15,Bioconductor,Organization
15,taskcluster,Organization
15,TurboPack,Organization
15,commercetools,Organization
15,diederickh,User
15,PrettyPrinted,User
15,mmalecki,User
15,Adyen,Organization
15,jamtur01,User
15,brycebaril,User
15,foca,User
15,romul,User
15,delaroy,User
15,iMokhles,User
15,cybdom,User
15,kbastani,User
15,WangStar1031,User
